text,label
"At Paris, just after dark one gusty evening in the autumn of 18-, I was enjoying the twofold luxury of meditation and a meerschaum, in company with my friend C. Auguste Dupin, in his little back library, or book-closet, au troisième, No. 33, Rue Dunôt, Faubourg St. Germain.",POE
"“That is another of your odd notions,” said the Prefect, who had a fashion of calling every thing “odd” that was beyond his comprehension, and thus lived amid an absolute legion of “oddities.”",POE
"“Perhaps it is the very simplicity of the thing which puts you at fault,” said my friend.",POE
"“I will tell you in a few words; but, before I begin, let me caution you that this is an affair demanding the greatest secrecy, and that I should most probably lose the position I now hold, were it known that I confided it to any one.”",POE
"“Be a little more explicit,” I said.",POE
The method of the theft was not less ingenious than bold.,POE
"After some business transactions, hurried through in his ordinary manner, he produces a letter somewhat similar to the one in question, opens it, pretends to read it, and then places it in close juxtaposition to the other.",POE
"“Yes,” replied the Prefect; “and the power thus attained has, for some months past, been wielded, for political purposes, to a very dangerous extent.",POE
With the employment the power departs.”,POE
"“Oh, yes; and for this reason I did not despair.",POE
"My honor is interested, and, to mention a great secret, the reward is enormous.",POE
"“True,” I observed; “the paper is clearly then upon the premises.",POE
"“True,” said Dupin, after a long and thoughtful whiff from his meerschaum, “although I have been guilty of certain doggrel myself.”",POE
Any man is a dolt who permits a ‘secret’ drawer to escape him in a search of this kind.,POE
"“Sometimes the top of a table, or other similarly arranged piece of furniture, is removed by the person wishing to conceal an article; then the leg is excavated, the article deposited within the cavity, and the top replaced.",POE
You did not take to pieces all the chairs?”,POE
"We divided its entire surface into compartments, which we numbered, so that none might be missed; then we scrutinized each individual square inch throughout the premises, including the two houses immediately adjoining, with the microscope, as before.”",POE
"We examined the moss between the bricks, and found it undisturbed.”",POE
"We removed every carpet, and examined the boards with the microscope.”",POE
“I am not more sure that I breathe than I am that the letter is not at the Hotel.”,POE
"At length I said,— “Well, but G——, what of the purloined letter?",POE
"“Why, yes,” said Dupin, drawlingly, between the whiffs of his meerschaum, “I really—think, G——, you have not exerted yourself—to the utmost in this matter.",POE
"“‘We will suppose,’ said the miser, ‘that his symptoms are such and such; now, doctor, what would you have directed him to take?’",POE
"The latter examined it carefully and deposited it in his pocket-book; then, unlocking an escritoire, took thence a letter and gave it to the Prefect.",POE
"“The measures adopted were not only the best of their kind, but carried out to absolute perfection.",POE
"I knew one about eight years of age, whose success at guessing in the game of ‘even and odd’ attracted universal admiration.",POE
"Our schoolboy replies, ‘odd,’ and loses; but upon the second trial he wins, for he then says to himself, ‘the simpleton had them even upon the first trial, and his amount of cunning is just sufficient to make him have them odd upon the second; I will therefore guess odd;’—he guesses odd, and wins.",POE
"“For its practical value it depends upon this,” replied Dupin; “and the Prefect and his cohort fail so frequently, first, by default of this identification, and, secondly, by ill-admeasurement, or rather through non-admeasurement, of the intellect with which they are engaged.",POE
"This functionary, however, has been thoroughly mystified; and the remote source of his defeat lies in the supposition that the Minister is a fool, because he has acquired renown as a poet.",POE
"“You surprise me,” I said, “by these opinions, which have been contradicted by the voice of the world.",POE
"The French are the originators of this particular deception; but if a term is of any importance—if words derive any value from applicability—then ‘analysis’ conveys ‘algebra’ about as much as, in Latin, ‘ambitus’ implies ‘ambition,’ ‘religio’ ‘religion,’ or ‘homines honesti’ a set of honorable men.”",POE
Mathematical axioms are not axioms of general truth.,POE
"Bryant, in his very learned ‘Mythology,’ mentions an analogous source of error, when he says that ‘although the Pagan fables are not believed, yet we forget ourselves continually, and make inferences from them as existing realities.’",POE
"He must have foreseen, I reflected, the secret investigations of his premises.",POE
"“Yes,” said I, “I remember his merriment well.",POE
"“There is a game of puzzles,” he resumed, “which is played upon a map.",POE
"I found D—— at home, yawning, lounging, and dawdling, as usual, and pretending to be in the last extremity of ennui.",POE
"In this rack, which had three or four compartments, were five or six visiting cards and a solitary letter.",POE
"Here the seal was large and black, with the D—— cipher; there it was small and red, with the ducal arms of the S—— family.",POE
"I bade the Minister good morning, and took my departure at once, leaving a gold snuff-box upon the table.",POE
He had fired it among a crowd of women and children.,POE
"“D——,” replied Dupin, “is a desperate man, and a man of nerve.",POE
For eighteen months the Minister has had her in his power.,POE
"I confess, however, that I should like very well to know the precise character of his thoughts, when, being defied by her whom the Prefect terms ‘a certain personage’ he is reduced to opening the letter which I left for him in the card-rack.”",POE
"For full information on this interesting topic, I must refer the inquisitive reader to the “Isitsöornot” itself; but in the meantime, I shall be pardoned for giving a summary of what I there discovered.",POE
"It seems, however, that this politic damsel (who had been reading Machiavelli, beyond doubt), had a very ingenious little plot in her mind.",POE
"This person went through numerous other and more interesting adventures than those which I related; but the truth is, I felt sleepy on the particular night of their narration, and so was seduced into cutting them short—a grievous piece of misconduct, for which I only trust that Allah will forgive me.",POE
"It came toward us with inconceivable swiftness, throwing up huge waves of foam around its breast, and illuminating all that part of the sea through which it passed, with a long line of fire that extended far off into the distance.",POE
"“‘Although this beast approached us, as I have before said, with the greatest rapidity, it must have been moved altogether by necromancy—for it had neither fins like a fish nor web-feet like a duck, nor wings like the seashell which is blown along in the manner of a vessel; nor yet did it writhe itself forward as do the eels.",POE
"‘Washish squashish,’ and so forth:—that is to say, ‘I am happy to find, my dear Sinbad, that you are really a very excellent fellow; we are now about doing a thing which is called circumnavigating the globe; and since you are so desirous of seeing the world, I will strain a point and give you a free passage upon back of the beast.’”",POE
"“‘The beast,’ continued Sinbad to the caliph, ‘swam, as I have related, up hill and down hill until, at length, we arrived at an island, many hundreds of miles in circumference, but which, nevertheless, had been built in the middle of the sea by a colony of little things like caterpillars.’” (*1) “Hum!” said the king.",POE
"This river was of unspeakable depth, and of a transparency richer than that of amber.",POE
"We shouted with all our might, in the hope of frightening the bird into letting go of its prey, but it merely gave a snort or puff, as if of rage and then let fall upon our heads a heavy sack which proved to be filled with sand!’”",POE
"This thing was of prodigious strength, so that it erected or overthrew the mightiest empires at a breath; but its powers were exercised equally for evil and for good.’”",POE
How long have we been married?—my conscience is getting to be troublesome again.,POE
We had now reached the summit of the loftiest crag.,POE
It was long before I could reason myself into sufficient courage to sit up and look out into the distance.,POE
A panorama more deplorably desolate no human imagination can conceive.,POE
That a mile to the northward is Ambaaren.,POE
"Even while I gazed, this current acquired a monstrous velocity.",POE
"These streaks, at length, spreading out to a great distance, and entering into combination, took unto themselves the gyratory motion of the subsided vortices, and seemed to form the germ of another more vast.",POE
"That of Jonas Ramus, which is perhaps the most circumstantial of any, cannot impart the faintest conception either of the magnificence, or of the horror of the scene—or of the wild bewildering sense of the novel which confounds the beholder.",POE
"It likewise happens frequently, that whales come too near the stream, and are overpowered by its violence; and then it is impossible to describe their howlings and bellowings in their fruitless struggles to disengage themselves.",POE
"In regard to the depth of the water, I could not see how this could have been ascertained at all in the immediate vicinity of the vortex.",POE
"“You have had a good look at the whirl now,” said the old man, “and if you will creep round this crag, so as to get in its lee, and deaden the roar of the water, I will tell you a story that will convince you I ought to know something of the Moskoe-ström.” I placed myself as desired, and he proceeded.",POE
"In fact, we made it a matter of desperate speculation—the risk of life standing instead of labor, and courage answering for capital.",POE
“It is now within a few days of three years since what I am going to tell you occurred.,POE
"This was most unusual—something that had never happened to us before—and I began to feel a little uneasy, without exactly knowing why.",POE
The oldest seaman in Norway never experienced any thing like it.,POE
It was mere instinct that prompted me to do this—which was undoubtedly the very best thing I could have done—for I was too much flurried to think.,POE
“No one ever will know what my feelings were at that moment.,POE
"“By this time the first fury of the tempest had spent itself, or perhaps we did not feel it so much, as we scudded before it, but at all events the seas, which at first had been kept down by the wind, and lay flat and frothing, now got up into absolute mountains.",POE
"I glanced at its face by the moonlight, and then burst into tears as I flung it far away into the ocean.",POE
But while we were up I had thrown a quick glance around—and that one glance was all sufficient.,POE
"The boat made a sharp half turn to larboard, and then shot off in its new direction like a thunderbolt.",POE
"“It may appear strange, but now, when we were in the very jaws of the gulf, I felt more composed than when we were only approaching it.",POE
"These, no doubt, were singular fancies to occupy a man’s mind in such extremity—and I have often thought since, that the revolutions of the boat around the pool might have rendered me a little light-headed.",POE
All this time I had never let go of the ring-bolt.,POE
"This there was no great difficulty in doing; for the smack flew round steadily enough, and upon an even keel—only swaying to and fro, with the immense sweeps and swelters of the whirl.",POE
"“Never shall I forget the sensations of awe, horror, and admiration with which I gazed about me.",POE
"I could not help observing, nevertheless, that I had scarcely more difficulty in maintaining my hold and footing in this situation, than if we had been upon a dead level; and this, I suppose, was owing to the speed at which we revolved.",POE
"Both above and below us were visible fragments of vessels, large masses of building timber and trunks of trees, with many smaller articles, such as pieces of house furniture, broken boxes, barrels and staves.",POE
"“It was not a new terror that thus affected me, but the dawn of a more exciting hope.",POE
"I attracted my brother’s attention by signs, pointed to the floating barrels that came near us, and did everything in my power to make him understand what I was about to do.",POE
The slope of the sides of the vast funnel became momently less and less steep.,POE
A boat picked me up—exhausted from fatigue—and (now that the danger was removed) speechless from the memory of its horror.,POE
"My object is simply, in the first place, to say a few words of Von Kempelen himself (with whom, some years ago, I had the honor of a slight personal acquaintance), since every thing which concerns him must necessarily, at this moment, be of interest; and, in the second place, to look in a general way, and speculatively, at the results of the discovery.",POE
"By-the-way, who is Mr. Kissam? and is not the whole paragraph in the ‘Courier and Enquirer’ a fabrication got up to ‘make a talk’?",POE
"The sentence, no doubt, was thus intended: ‘In less than half a minute, the respiration [being continued, these feelings] diminished gradually, and were succeeded by [a sensation] analogous to gentle pressure on all the muscles.’",POE
"That the passages quoted above, with the other similar ones referred to, gave Von Kempelen the hint, I do not in the slightest degree question; but I repeat, it yet remains to be seen whether this momentous discovery itself (momentous under any circumstances) will be of service or disservice to mankind at large.",POE
"My acquaintance with him was casual altogether; and I am scarcely warranted in saying that I know him at all; but to have seen and conversed with a man of so prodigious a notoriety as he has attained, or will attain in a few days, is not a small matter, as times go.",POE
"We were fellow-sojourners for a week about six years ago, at Earl’s Hotel, in Providence, Rhode Island; and I presume that I conversed with him, at various times, for some three or four hours altogether.",POE
"When the great excitement occurred about the forgery on the house of Gutsmuth & Co., suspicion was directed toward Von Kempelen, on account of his having purchased a considerable property in Gasperitch Lane, and his refusing, when questioned, to explain how he became possessed of the purchase money.",POE
"Opening into the garret where they caught him, was a closet, ten feet by eight, fitted up with some chemical apparatus, of which the object has not yet been ascertained.",POE
"Passing out of the closet with their prisoner, the officers went through a sort of ante-chamber, in which nothing material was found, to the chemist’s sleeping-room.",POE
"The supposed brass with which it was filled was all in small, smooth pieces, varying from the size of a pea to that of a dollar; but the pieces were irregular in shape, although more or less flat-looking, upon the whole, “very much as lead looks when thrown upon the ground in a molten state, and there suffered to grow cool.”",POE
"All that as yet can fairly be said to be known is, that ‘Pure gold can be made at will, and very readily from lead in connection with certain other substances, in kind and in proportions, unknown.’",POE
"I am impelled, even in the teeth of a world of prejudice, to detail without comment the very remarkable substance of a colloquy, occurring between a sleep-waker and myself.",POE
"“I sent for you to-night,” he said, “not so much to administer to my bodily ailment, as to satisfy me concerning certain psychal impressions which, of late, have occasioned me much anxiety and surprise.",POE
I studied him in his own works as well as in those of his European and American echoes.,POE
"Here upon earth, at least, philosophy, I am persuaded, will always in vain call upon us to look upon qualities as things.",POE
"In sleep-waking, the reasoning and its conclusion—the cause and its effect—are present together.",POE
"The following conversation then ensued:—V. in the dialogue representing the patient, and P. myself.",POE
"V. If I were awake I should like to die, but now it is no matter.",POE
V. There is no immateriality—it is a mere word.,POE
"The atmosphere, for example, impels the electric principle, while the electric principle permeates the atmosphere.",POE
"Motion is the action of mind, not of thinking.",POE
"Now we call all these things matter, and embrace all matter in one general definition; but in spite of this, there can be no two ideas more essentially distinct than that which we attach to a metal, and that which we attach to the luminiferous ether.",POE
"For although we may admit infinite littleness in the atoms themselves, the infinitude of littleness in the spaces between them is an absurdity.",POE
"Where there are no interspaces, there can be no yielding.",POE
"But you forget that the matter of which I speak is, in all respects, the very “mind” or “spirit” of the schools, so far as regards its high capacities, and is, moreover, the “matter” of these schools at the same time.",POE
P. But you now speak of “mind” and “matter” as do the metaphysicians.,POE
P. You say that divested of the body man will be God?,POE
You say that man will never put off the body?,POE
P. But of the worm’s metamorphosis we are palpably cognizant.,POE
You will have a distinct idea of the ultimate body by conceiving it to be entire brain.,POE
"This is the mode by which the mind of the rudimental life communicates with the external world; and this external world is, to the rudimental life, limited, through the idiosyncrasy of its organs.",POE
"Each of these is tenanted by a distinct variety of organic, rudimental, thinking creatures.",POE
V. The result of law inviolate is perfection—right—negative happiness.,POE
To be happy at any one point we must have suffered at the same.,POE
"There are many things on the Earth, which would be nihility to the inhabitants of Venus—many things visible and tangible in Venus, which we could not be brought to appreciate as existing at all.",POE
"Had the sleep-waker, indeed, during the latter portion of his discourse, been addressing me from out the region of the shadows?",POE
"In looking around me for some subject by whose means I might test these particulars, I was brought to think of my friend, M. Ernest Valdemar, the well-known compiler of the “Bibliotheca Forensica,” and author (under the nom de plume of Issachar Marx) of the Polish versions of “Wallenstein” and “Gargantua.”",POE
"It was his custom, indeed, to speak calmly of his approaching dissolution, as of a matter neither to be avoided nor regretted.",POE
D—— and F—— are agreed that I cannot hold out beyond to-morrow midnight; and I think they have hit the time very nearly.,POE
Doctors D—— and F—— were in attendance.,POE
"The ossification had proceeded with very unusual rapidity; no sign of it had been discovered a month before, and the adhesion had only been observed during the three previous days.",POE
"He still professed himself quite willing and even anxious to have it made, and urged me to commence it at once.",POE
"He replied feebly, yet quite audibly, “Yes, I wish to be.",POE
"At the expiration of this period, however, a natural although a very deep sigh escaped the bosom of the dying man, and the stertorous breathing ceased—that is to say, its stertorousness was no longer apparent; the intervals were undiminished.",POE
The head was very slightly elevated.,POE
"As I approached M. Valdemar I made a kind of half effort to influence his right arm into pursuit of my own, as I passed the latter gently to and fro above his person.",POE
"The right arm, as before, obeyed the direction of my hand.",POE
"As before, some minutes elapsed ere a reply was made; and during the interval the dying man seemed to be collecting his energies to speak.",POE
"The upper lip, at the same time, writhed itself away from the teeth, which it had previously covered completely; while the lower jaw fell with an audible jerk, leaving the mouth widely extended, and disclosing in full view the swollen and blackened tongue.",POE
"There are, indeed, two or three epithets which might be considered as applicable to it in part; I might say, for example, that the sound was harsh, and broken and hollow; but the hideous whole is indescribable, for the simple reason that no similar sounds have ever jarred upon the ear of humanity.",POE
M. Valdemar spoke—obviously in reply to the question I had propounded to him a few minutes before.,POE
"It remained in all respects as I have last described it, with the exception that the mirror no longer afforded evidence of respiration.",POE
I believe that I have now related all that is necessary to an understanding of the sleep-waker’s state at this epoch.,POE
"From this period until the close of last week—an interval of nearly seven months—we continued to make daily calls at M. Valdemar’s house, accompanied, now and then, by medical and other friends.",POE
"It was now suggested that I should attempt to influence the patient’s arm, as heretofore.",POE
"For what really occurred, however, it is quite impossible that any human being could have been prepared.",POE
"My immediate purpose is to place before the world, plainly, succinctly, and without comment, a series of mere household events.",POE
"I was especially fond of animals, and was indulged by my parents with a great variety of pets.",POE
"Observing my partiality for domestic pets, she lost no opportunity of procuring those of the most agreeable kind.",POE
It was even with difficulty that I could prevent him from following me through the streets.,POE
"I not only neglected, but ill-used them.",POE
"I took from my waistcoat-pocket a pen-knife, opened it, grasped the poor beast by the throat, and deliberately cut one of its eyes from the socket!",POE
"I had so much of my old heart left, as to be at first grieved by this evident dislike on the part of a creature which had once so loved me.",POE
"Have we not a perpetual inclination, in the teeth of our best judgment, to violate that which is Law, merely because we understand it to be such?",POE
"I am above the weakness of seeking to establish a sequence of cause and effect, between the disaster and the atrocity.",POE
"About this wall a dense crowd were collected, and many persons seemed to be examining a particular portion of it with very minute and eager attention.",POE
"The cat, I remembered, had been hung in a garden adjacent to the house.",POE
"One night as I sat, half stupefied, in a den of more than infamy, my attention was suddenly drawn to some black object, reposing upon the head of one of the immense hogsheads of gin, or of rum, which constituted the chief furniture of the apartment.",POE
"This, then, was the very creature of which I was in search.",POE
"By slow degrees, these feelings of disgust and annoyance rose into the bitterness of hatred.",POE
It followed my footsteps with a pertinacity which it would be difficult to make the reader comprehend.,POE
"The reader will remember that this mark, although large, had been originally very indefinite; but, by slow degrees—degrees nearly imperceptible, and which for a long time my reason struggled to reject as fanciful—it had, at length, assumed a rigorous distinctness of outline.",POE
Evil thoughts became my sole intimates—the darkest and most evil of thoughts.,POE
"Goaded, by the interference, into a rage more than demoniacal, I withdrew my arm from her grasp and buried the axe in her brain.",POE
Finally I hit upon what I considered a far better expedient than either of these.,POE
And in this calculation I was not deceived.,POE
"My next step was to look for the beast which had been the cause of so much wretchedness; for I had, at length, firmly resolved to put it to death.",POE
The guilt of my dark deed disturbed me but little.,POE
The officers bade me accompany them in their search.,POE
The glee at my heart was too strong to be restrained.,POE
But may God shield and deliver me from the fangs of the Arch-Fiend!,POE
I had walled the monster up within the tomb!,POE
It was a mystery all insoluble; nor could I grapple with the shadowy fancies that crowded upon me as I pondered.,POE
"The writer spoke of acute bodily illness—of a mental disorder which oppressed him—and of an earnest desire to see me, as his best, and indeed his only personal friend, with a view of attempting, by the cheerfulness of my society, some alleviation of his malady.",POE
"Such, I have long known, is the paradoxical law of all sentiments having terror as a basis.",POE
Yet all this was apart from any extraordinary dilapidation.,POE
"A valet, of stealthy step, thence conducted me, in silence, through many dark and intricate passages in my progress to the studio of his master.",POE
"The windows were long, narrow, and pointed, and at so vast a distance from the black oaken floor as to be altogether inaccessible from within.",POE
"An air of stern, deep, and irredeemable gloom hung over and pervaded all.",POE
"And now in the mere exaggeration of the prevailing character of these features, and of the expression they were wont to convey, lay so much of change that I doubted to whom I spoke.",POE
"He entered, at some length, into what he conceived to be the nature of his malady.",POE
"“I shall perish,” said he, “I must perish in this deplorable folly.",POE
"He admitted, however, although with hesitation, that much of the peculiar gloom which thus afflicted him could be traced to a more natural and far more palpable origin—to the severe and long-continued illness—indeed to the evidently approaching dissolution—of a tenderly beloved sister—his sole companion for long years—his last and only relative on earth.",POE
The disease of the lady Madeline had long baffled the skill of her physicians.,POE
An excited and highly distempered ideality threw a sulphureous lustre over all.,POE
"A small picture presented the interior of an immensely long and rectangular vault or tunnel, with low walls, smooth, white, and without interruption or device.",POE
"They must have been, and were, in the notes, as well as in the words of his wild fantasias (for he not unfrequently accompanied himself with rhymed verbal improvisations), the result of that intense mental collectedness and concentration to which I have previously alluded as observable only in particular moments of the highest artificial excitement.",POE
"Wanderers in that happy valley Through two luminous windows saw Spirits moving musically To a lute’s well-tunéd law, Round about a throne, where sitting (Porphyrogene!)",POE
"I well remember that suggestions arising from this ballad, led us into a train of thought wherein there became manifest an opinion of Usher’s which I mention not so much on account of its novelty, (for other men * have thought thus,) as on account of the pertinacity with which he maintained it.",POE
"Such opinions need no comment, and I will make none. * Watson, Dr. Percival, Spallanzani, and especially the Bishop of Landaff.—See “Chemical Essays,” vol v. Our books—the books which, for years, had formed no small portion of the mental existence of the invalid—were, as might be supposed, in strict keeping with this character of phantasm.",POE
"At the request of Usher, I personally aided him in the arrangements for the temporary entombment.",POE
"Having deposited our mournful burden upon tressels within this region of horror, we partially turned aside the yet unscrewed lid of the coffin, and looked upon the face of the tenant.",POE
"He roamed from chamber to chamber with hurried, unequal, and objectless step.",POE
"I felt creeping upon me, by slow yet certain degrees, the wild influences of his own fantastic yet impressive superstitions.",POE
"Overpowered by an intense sentiment of horror, unaccountable yet unendurable, I threw on my clothes with haste (for I felt that I should sleep no more during the night), and endeavored to arouse myself from the pitiable condition into which I had fallen, by pacing rapidly to and fro through the apartment.",POE
"Thus speaking, and having carefully shaded his lamp, he hurried to one of the casements, and threw it freely open to the storm.",POE
"“These appearances, which bewilder you, are merely electrical phenomena not uncommon—or it may be that they have their ghastly origin in the rank miasma of the tarn.",POE
"I had arrived at that well-known portion of the story where Ethelred, the hero of the Trist, having sought in vain for peaceable admission into the dwelling of the hermit, proceeds to make good an entrance by force.",POE
"The motion of his body, too, was at variance with this idea—for he rocked from side to side with a gentle yet constant and uniform sway.",POE
"“Not hear it?—yes, I hear it, and have heard it.",POE
Is she not hurrying to upbraid me for my haste?,POE
It was the work of the rushing gust—but then without those doors there did stand the lofty and enshrouded figure of the lady Madeline of Usher.,POE
"“The mountain pinnacles slumber; valleys, crags and caves are silent.”",POE
"They sigh one unto the other in that solitude, and stretch towards the heaven their long and ghastly necks, and nod to and fro their everlasting heads.",POE
And at the roots strange poisonous flowers lie writhing in perturbed slumber.,POE
"And the rock was gray, and ghastly, and tall,—and the rock was gray.",POE
"And his brow was lofty with thought, and his eye wild with care; and, in the few furrows upon his cheek I read the fables of sorrow, and weariness, and disgust with mankind, and a longing after solitude.",POE
And I lay close within my covert and observed the actions of the man.,POE
"And they became accursed, and were still.",POE
"Therein, I say, are glorious histories of the Heaven, and of the Earth, and of the mighty sea—and of the Genii that over-ruled the sea, and the earth, and the lofty heaven.",POE
Blood was its Avatar and its seal—the redness and the horror of blood.,POE
"This was an extensive and magnificent structure, the creation of the prince’s own eccentric yet august taste.",POE
The prince had provided all the appliances of pleasure.,POE
There were seven—an imperial suite.,POE
"That at the eastern extremity was hung, for example, in blue—and vividly blue were its windows.",POE
"Now in no one of the seven apartments was there any lamp or candelabrum, amid the profusion of golden ornaments that lay scattered to and fro or depended from the roof.",POE
"But, in spite of these things, it was a gay and magnificent revel.",POE
It was necessary to hear and see and touch him to be sure that he was not.,POE
"And these—the dreams—writhed in and about, taking hue from the rooms, and causing the wild music of the orchestra to seem as the echo of their steps.",POE
"But these other apartments were densely crowded, and in them beat feverishly the heart of life.",POE
"In truth the masquerade license of the night was nearly unlimited; but the figure in question had out-Heroded Herod, and gone beyond the bounds of even the prince’s indefinite decorum.",POE
"And yet all this might have been endured, if not approved, by the mad revellers around.",POE
"They rang throughout the seven rooms loudly and clearly—for the prince was a bold and robust man, and the music had become hushed at the waving of his hand.",POE
He had come like a thief in the night.,POE
"You, who so well know the nature of my soul, will not suppose, however, that I gave utterance to a threat.",POE
He had a weak point—this Fortunato—although in other regards he was a man to be respected and even feared.,POE
"It was about dusk, one evening during the supreme madness of the carnival season, that I encountered my friend.",POE
And in the middle of the carnival!”,POE
"“My friend, no; I will not impose upon your good nature.",POE
There were no attendants at home; they had absconded to make merry in honor of the time.,POE
"“It is farther on,” said I; “but observe the white web-work which gleams from these cavern walls.”",POE
"You are rich, respected, admired, beloved; you are happy, as once I was.",POE
He raised it to his lips with a leer.,POE
The wine sparkled in his eyes and the bells jingled.,POE
"Come, we will go back ere it is too late.",POE
“Then you are not of the brotherhood.”,POE
"We passed through a range of low arches, descended, passed on, and descending again, arrived at a deep crypt, in which the foulness of the air caused our flambeaux rather to glow than flame.",POE
"It was in vain that Fortunato, uplifting his dull torch, endeavored to pry into the depths of the recess.",POE
"From one of these depended a short chain, from the other a padlock.",POE
But I must first render you all the little attentions in my power.”,POE
It was not the cry of a drunken man.,POE
"I again paused, and holding the flambeaux over the mason-work, threw a few feeble rays upon the figure within.",POE
"I did this, and the clamorer grew still.",POE
The voice said— “Ha! ha! ha!—he! he!—a very good joke indeed—an excellent jest.,POE
I thrust a torch through the remaining aperture and let it fall within.,POE
"In the consideration of the faculties and impulses—of the prima mobilia of the human soul, the phrenologists have failed to make room for a propensity which, although obviously existing as a radical, primitive, irreducible sentiment, has been equally overlooked by all the moralists who have preceded them.",POE
"We could not understand, that is to say, we could not have understood, had the notion of this primum mobile ever obtruded itself;—we could not have understood in what manner it might be made to further the objects of humanity, either temporal or eternal.",POE
"And so with combativeness, with ideality, with causality, with constructiveness,—so, in short, with every organ, whether representing a propensity, a moral sentiment, or a faculty of the pure intellect.",POE
"Through its promptings we act without comprehensible object; or, if this shall be understood as a contradiction in terms, we may so far modify the proposition as to say, that through its promptings we act, for the reason that we should not.",POE
"It will be said, I am aware, that when we persist in acts because we feel we should not persist in them, our conduct is but a modification of that which ordinarily springs from the combativeness of phrenology.",POE
"No one who trustingly consults and thoroughly questions his own soul, will be disposed to deny the entire radicalness of the propensity in question.",POE
"The most important crisis of our life calls, trumpet-tongued, for immediate energy and action.",POE
"We tremble with the violence of the conflict within us,—of the definite with the indefinite—of the substance with the shadow.",POE
Our first impulse is to shrink from the danger.,POE
"And because our reason violently deters us from the brink, therefore do we the most impetuously approach it.",POE
"I have said thus much, that in some measure I may answer your question—that I may explain to you why I am here—that I may assign to you something that shall have at least the faint aspect of a cause for my wearing these fetters, and for my tenanting this cell of the condemned.",POE
I knew my victim’s habit of reading in bed.,POE
The idea of detection never once entered my brain.,POE
I could scarcely get rid of it for an instant.,POE
"No sooner had I spoken these words, than I felt an icy chill creep to my heart.",POE
"I well, too well understood that to think, in my situation, was to be lost.",POE
"They say that I spoke with a distinct enunciation, but with marked emphasis and passionate hurry, as if in dread of interruption before concluding the brief but pregnant sentences that consigned me to the hangman and to hell.",POE
He here confounds the pleasure derivable from sweet sounds with the capacity for creating them.,POE
"In truth, the man who would behold aright the glory of God upon earth must in solitude behold that glory.",POE
"And since we see clearly that the endowment of matter with vitality is a principle—indeed, as far as our judgments extend, the leading principle in the operations of Deity,—it is scarcely logical to imagine it confined to the regions of the minute, where we daily trace it, and not extending to those of the august.",POE
I felt that thus only should I look upon it—such was the character of phantasm which it wore.,POE
"The grass was short, springy, sweet-scented, and asphodel-interspersed.",POE
"The shade of the trees fell heavily upon the water, and seemed to bury itself therein, impregnating the depths of the element with darkness.",POE
"What the wasting tree is to the water that imbibes its shade, growing thus blacker by what it preys upon, may not the life of the Fay be to the death which engulfs it?”",POE
"She is a year nearer unto Death; for I did not fail to see that, as she came into the shade, her shadow fell from her, and was swallowed up in the dark water, making its blackness more black.”",POE
There are surely other worlds than this—other thoughts than the thoughts of the multitude—other speculations than the speculations of the sophist.,POE
"I was returning home from the Piazetta, by way of the Grand Canal.",POE
"Upon the broad black marble flagstones at the entrance of the palace, and a few steps above the water, stood a figure which none who then saw can have ever since forgotten.",POE
"Nonsense!—Who does not remember that, at such a time as this, the eye, like a shattered mirror, multiplies the images of its sorrow, and sees in innumerable far-off places, the woe which is close at hand?",POE
"Alas! another’s arms have taken it from the stranger—another’s arms have taken it away, and borne it afar off, unnoticed, into the palace!",POE
"“Thou hast conquered,” she said, or the murmurs of the water deceived me; “thou hast conquered—one hour after sunrise—we shall meet—so let it be!”",POE
In height he might have been below rather than above the medium size: although there were moments of intense passion when his frame actually expanded and belied the assertion.,POE
"Shortly after sunrise, I found myself accordingly at his Palazzo, one of those huge structures of gloomy, yet fantastic pomp, which tower above the waters of the Grand Canal in the vicinity of the Rialto.",POE
"In the architecture and embellishments of the chamber, the evident design had been to dazzle and astound.",POE
"Glancing to and fro, in a thousand reflections, from curtains which rolled from their cornices like cataracts of molten silver, the beams of natural glory mingled at length fitfully with the artificial light, and lay weltering in subdued masses upon a carpet of rich, liquid-looking cloth of Chili gold.",POE
"Also in the Absurdities of Ravisius Textor, there is a long list of characters who came to the same magnificent end.",POE
This is better than fashion—is it not?,POE
"Many are chosen, as you see, with little deference to the opinions of Virtu.",POE
"Part of the left arm (here his voice dropped so as to be heard with difficulty,) and all the right, are restorations; and in the coquetry of that right arm lies, I think, the quintessence of all affectation.",POE
"Allowing the remark to have applied in its full force to the outward demeanor of my acquaintance, I felt it, on that eventful morning, still more fully applicable to his moral temperament and character.",POE
"“No more—no more—no more,” (Such language holds the solemn sea To the sands upon the shore,) Shall bloom the thunder-blasted tree, Or the stricken eagle soar!",POE
"“There is one painting,” said he, without being aware of my notice of the tragedy—“there is still one painting which you have not seen.”",POE
With her left she pointed downward to a curiously fashioned vase.,POE
Let us pour out an offering to yon solemn sun which these gaudy lamps and censers are so eager to subdue!”,POE
"The chastity of Ionia is offended by antediluvian devices, and the sphynxes of Egypt are outstretched upon carpets of gold.",POE
"At length, erecting his frame, he looked upwards, and ejaculated the lines of the Bishop of Chichester: “Stay for me there!",POE
I staggered back towards the table—my hand fell upon a cracked and blackened goblet—and a consciousness of the entire and terrible truth flashed suddenly over my soul.,POE
It conveyed to my soul the idea of revolution—perhaps from its association in fancy with the burr of a mill wheel.,POE
I saw them fashion the syllables of my name; and I shuddered because no sound succeeded.,POE
In death—no! even in the grave all is not lost.,POE
How at least shall we distinguish its shadows from those of the tomb?,POE
Then a pause in which all is blank.,POE
"And now a full memory of the trial, of the judges, of the sable draperies, of the sentence, of the sickness, of the swoon.",POE
"It was not that I feared to look upon things horrible, but that I grew aghast lest there should be nothing to see.",POE
The sentence had passed; and it appeared to me that a very long interval of time had since elapsed.,POE
"Moreover, my dungeon, as well as all the condemned cells at Toledo, had stone floors, and light was not altogether excluded.",POE
I proceeded for many paces; but still all was blackness and vacancy.,POE
The mode and the hour were all that occupied or distracted me.,POE
"The difficulty, nevertheless, was but trivial; although, in the disorder of my fancy, it seemed at first insuperable.",POE
"I was too much exhausted to reflect upon this circumstance, but ate and drank with avidity.",POE
"Quitting the wall, I resolved to cross the area of the enclosure.",POE
"At the same time my forehead seemed bathed in a clammy vapor, and the peculiar smell of decayed fungus arose to my nostrils.",POE
"Another step before my fall, and the world had seen me no more.",POE
Neither could I forget what I had read of these pits—that the sudden extinction of life formed no part of their most horrible plan.,POE
"By a wild sulphurous lustre, the origin of which I could not at first determine, I was enabled to see the extent and aspect of the prison.",POE
"In my first attempt at exploration I had counted fifty-two paces, up to the period when I fell; I must then have been within a pace or two of the fragment of serge; in fact, I had nearly performed the circuit of the vault.",POE
"What I had taken for masonry seemed now to be iron, or some other metal, in huge plates, whose sutures or joints occasioned the depression.",POE
All this I saw indistinctly and by much effort—for my personal condition had been greatly changed during slumber.,POE
"Looking upward, I surveyed the ceiling of my prison.",POE
"Its sweep was brief, and of course slow.",POE
From this it required much effort and attention to scare them away.,POE
"Like a razor also, it seemed massy and heavy, tapering from the edge into a solid and broad structure above.",POE
I half smiled in my agony as I thought of such application of such a term.,POE
"And then I fell suddenly calm, and lay smiling at the glittering death, as a child at some rare bauble.",POE
"It was, as I say, a half formed thought—man has many such, which are never completed.",POE
It would fray the serge of my robe—it would return and repeat its operations—again—and again.,POE
To the right—to the left—far and wide—with the shriek of a damned spirit! to my heart with the stealthy pace of the tiger!,POE
"Could I have broken the fastenings above the elbow, I would have seized and attempted to arrest the pendulum.",POE
It was hope that prompted the nerve to quiver—the frame to shrink.,POE
The result of the slightest struggle how deadly!,POE
"The whole thought was now present—feeble, scarcely sane, scarcely definite,—but still entire.",POE
In their voracity the vermin frequently fastened their sharp fangs in my fingers.,POE
This seemed the signal for a general rush.,POE
"Yet one minute, and I felt that the struggle would be over.",POE
It had divided the serge of the robe.,POE
"For the moment, at least, I was free.",POE
"Something unusual—some change which, at first, I could not appreciate distinctly—it was obvious, had taken place in the apartment.",POE
"These colors had now assumed, and were momentarily assuming, a startling and most intense brilliancy, that gave to the spectral and fiendish portraitures an aspect that might have thrilled even firmer nerves than my own.",POE
There could be no doubt of the design of my tormentors—oh! most unrelenting! oh! most demoniac of men!,POE
"With a shriek, I rushed from the margin, and buried my face in my hands—weeping bitterly.",POE
The fearful difference quickly increased with a low rumbling or moaning sound.,POE
"And now, flatter and flatter grew the lozenge, with a rapidity that left me no time for contemplation.",POE
There was a harsh grating as of a thousand thunders!,POE
They are with propriety handled only when the severity and majesty of Truth sanctify and sustain them.,POE
"That the ghastly extremes of agony are endured by man the unit, and never by man the mass——for this let us thank a merciful God!",POE
They are only temporary pauses in the incomprehensible mechanism.,POE
"No one suspected, indeed, or had reason to suspect, that she was not actually dead.",POE
"At the expiration of this term it was opened for the reception of a sarcophagus; but, alas! how fearful a shock awaited the husband, who, personally, threw open the door!",POE
"While thus occupied, she probably swooned, or possibly died, through sheer terror; and, in failing, her shroud became entangled in some iron-work which projected interiorly.",POE
"Having passed with him some wretched years, she died—at least her condition so closely resembled death as to deceive every one who saw her.",POE
He bore her frantically to his lodgings in the village.,POE
"This claim she resisted, and a judicial tribunal sustained her in her resistance, deciding that the peculiar circumstances, with the long lapse of years, had extinguished, not only equitably, but legally, the authority of the husband.",POE
"On the Sunday following, the grounds of the cemetery were, as usual, much thronged with visitors, and about noon an intense excitement was created by the declaration of a peasant that, while sitting upon the grave of the officer, he had distinctly felt a commotion of the earth, as if occasioned by some one struggling beneath.",POE
"From what he related, it was clear that he must have been conscious of life for more than an hour, while inhumed, before lapsing into insensibility.",POE
"This occurred in 1831, and created, at the time, a very profound sensation wherever it was made the subject of converse.",POE
"One experiment succeeded another, and the customary effects supervened, with nothing to characterize them in any respect, except, upon one or two occasions, a more than ordinary degree of life-likeness in the convulsive action.",POE
"It was seen that Mr. Stapleton was alive, although in a swoon.",POE
"When we reflect how very rarely, from the nature of the case, we have it in our power to detect them, we must admit that they may frequently occur without our cognizance.",POE
What I have now to tell is of my own actual knowledge—of my own positive and personal experience.,POE
"Very usually he is saved from premature interment solely by the knowledge of his friends that he has been previously subject to catalepsy, by the consequent suspicion excited, and, above all, by the non-appearance of decay.",POE
My own case differed in no important particular from those mentioned in medical books.,POE
"Apart from the tendency to trance, however, my general health appeared to be good; nor could I perceive that it was at all affected by the one prevalent malady—unless, indeed, an idiosyncrasy in my ordinary sleep may be looked upon as superinduced.",POE
"When the grim Darkness overspread the Earth, then, with every horror of thought, I shook—shook as the quivering plumes upon the hearse.",POE
I could not see the figure of him who had aroused me.,POE
"Come with me into the outer Night, and let me unfold to thee the graves.",POE
"But, before I could find words to reply, the figure had ceased to grasp my wrist, the phosphoric lights expired, and the graves were closed with a sudden violence, while from out them arose a tumult of despairing cries, saying again: “Is it not—O, God, is it not a very pitiful sight?”",POE
"I even went so far as to fear that, as I occasioned much trouble, they might be glad to consider any very protracted attack as sufficient excuse for getting rid of me altogether.",POE
"There were arrangements also for the free admission of air and light, and convenient receptacles for food and water, within immediate reach of the coffin intended for my reception.",POE
Slowly—with a tortoise gradation—approached the faint gray dawn of the psychal day.,POE
"And now the memory has so far regained its dominion, that, in some measure, I am cognizant of my state.",POE
I dared not make the effort which was to satisfy me of my fate—and yet there was something at my heart which whispered me it was sure.,POE
"So far, I had not ventured to stir any of my limbs—but now I violently threw up my arms, which had been lying at length, with the wrists crossed.",POE
"I had fallen into a trance while absent from home—while among strangers—when, or how, I could not remember—and it was they who had buried me as a dog—nailed up in some common coffin—and thrust deep, deep, and for ever, into some ordinary and nameless grave.",POE
"“What do you mean by yowling in that ere kind of style, like a cattymount?” said a fourth; and hereupon I was seized and shaken without ceremony, for several minutes, by a junto of very rough-looking individuals.",POE
I slept in one of the only two berths in the vessel—and the berths of a sloop of sixty or twenty tons need scarcely be described.,POE
From the load itself came the earthly smell.,POE
I read no “Night Thoughts”—no fustian about churchyards—no bugaboo tales—such as this.,POE
"The flowers de luce, and the round sparks of dew That hung upon their azure leaves did shew Like twinkling stars that sparkle in the evening blue. —Giles Fletcher.",POE
"With opinions such as these my young friend, too, was fully imbued, and thus it is worthy of observation that the uninterrupted enjoyment which distinguished his life was, in great measure, the result of preconcert.",POE
"He instanced the ecstasies of the fox-hunter, and pointed to the tillers of the earth, the only people who, as a class, can be fairly considered happier than others.",POE
His family was one of the most illustrious of the empire.,POE
"Many attempts had been made to set aside this singular bequest; their ex post facto character rendered them abortive; but the attention of a jealous government was aroused, and a legislative act finally obtained, forbidding all similar accumulations.",POE
"There were some who even conceived that Mr. Ellison would divest himself of at least one-half of his fortune, as of utterly superfluous opulence—enriching whole troops of his relatives by division of his superabundance.",POE
"Upon the whole, whether happily or unhappily, he was thrown back, in very great measure, upon self.",POE
And may it not thus happen that many far greater than Milton have contentedly remained “mute and inglorious?”,POE
No definition had spoken of the landscape-gardener as of the poet; yet it seemed to my friend that the creation of the landscape-garden offered to the proper Muse the most magnificent of opportunities.,POE
"In the most enchanting of natural landscapes, there will always be found a defect or an excess—many excesses and defects.",POE
"The criticism which says, of sculpture or portraiture, that here nature is to be exalted or idealized rather than imitated, is in error.",POE
"His reasons, however, have not yet been matured into expression.",POE
It was Ellison who suggested that they were prognostic of death.,POE
"In the course of discussion, my friend quoted some passages from a writer on landscape-gardening who has been supposed to have well treated his theme: “There are properly but two styles of landscape-gardening, the natural and the artificial.",POE
"This is partly pleasing to the eye, by the show of order and design, and partly moral.",POE
"The phrase quoted may mean any thing, or nothing, and guides in no degree.",POE
"We may be instructed to build a “Cato,” but we are in vain told how to conceive a Parthenon or an “Inferno.”",POE
The principle expressed is incontrovertible—but there may be something beyond it.,POE
Perhaps the better course will be to unite the two in their extremes.,POE
There must remain with me a certain control over the extent and duration of my repose.,POE
"This panorama is indeed glorious, and I should rejoice in it but for the excess of its glory.",POE
In looking from the summit of a mountain we cannot help feeling abroad in the world.,POE
"During the forenoon he passed between shores of a tranquil and domestic beauty, on which grazed innumerable sheep, their white fleeces spotting the vivid green of rolling meadows.",POE
"The windings became more frequent and intricate, and seemed often as if returning in upon themselves, so that the voyager had long lost all idea of direction.",POE
"It was about two hundred yards in diameter, and girt in at all points but one—that immediately fronting the vessel as it entered—by hills equal in general height to the walls of the chasm, although of a thoroughly different character.",POE
It lies on the surface of the bay with the proud grace of a swan.,POE
"It advances with a gentle but gradually accelerated velocity, while the slight ripples it creates seem to break about the ivory side in divinest melody—seem to offer the only possible explanation of the soothing yet melancholy music for whose unseen origin the bewildered voyager looks around him in vain.",POE
"This plateau varies in width from ten to three hundred yards; reaching from the river-bank to a wall, fifty feet high, which extends, in an infinity of curves, but following the general direction of the river, until lost in the distance to the westward.",POE
"Down this new opening the eye cannot penetrate very far; for the stream, accompanied by the wall, still bends to the left, until both are swallowed up by the leaves.",POE
Its ponderous wings are slowly and musically expanded.,POE
Not that I cared much about the matter.,POE
"The tracks of which I speak were but faintly perceptible—having been impressed upon the firm, yet pleasantly moist surface of—what looked more like green Genoese velvet than any thing else.",POE
"One thing became more and more evident the longer I gazed: an artist, and one with a most scrupulous eye for form, had superintended all these arrangements.",POE
Its character did not undergo any material change.,POE
"Suddenly, therefore—and as if by the hand of magic—this whole valley and every thing in it became brilliantly visible.",POE
"Here a precipitous ledge of granite arose to a height of some ninety feet; and, as I have mentioned, the valley at this point was not more than fifty feet wide; but as the visitor proceeded southwardly from the cliff, he found on his right hand and on his left, declivities at once less high, less precipitous, and less rocky.",POE
"In the middle of this extent was a depression, level with the ordinary floor of the valley.",POE
One was an elm of fine size and exquisite form: it stood guard over the southern gate of the vale.,POE
"Conceive, closely congregated, a million of the largest and most resplendent tulips!",POE
I have spoken of two openings into the vale.,POE
"Its banks, of the emerald grass already described, rounded, rather than sloped, off into the clear heaven below; and so clear was this heaven, so perfectly, at times, did it reflect all objects above it, that where the true bank ended and where the mimic one commenced, it was a point of no little difficulty to determine.",POE
"From the southern extreme of the lake issued a continuation of the rivulet, which, after meandering for, perhaps, thirty yards, finally passed through the “depression” (already described) in the middle of the southern declivity, and tumbling down a sheer precipice of a hundred feet, made its devious and unnoticed way to the Hudson.",POE
"A very large mastiff seemed to be in vigilant attendance upon these animals, each and all.",POE
"At the turn, the stream, sweeping backward, made an almost circular loop, so as to form a peninsula which was very nearly an island, and which included about the sixteenth of an acre.",POE
The main building was about twenty-four feet long and sixteen broad—certainly not more.,POE
"Between the chief building and western wing arose a very tall and rather slender square chimney of hard Dutch bricks, alternately black and red:—a slight cornice of projecting bricks at the top.",POE
The blank wall of the eastern gable was relieved by stairs (with a balustrade) running diagonally across it—the ascent being from the south.,POE
"In one, a large wicker cylinder with a ring at top, revelled a mocking bird; in another an oriole; in a third the impudent bobolink—while three or four more delicate prisons were loudly vocal with canaries.",POE
"It was clear that I had wandered from the road to the village, and I had thus good traveller’s excuse to open the gate before me, and inquire my way, at all events; so, without more ado, I proceeded.",POE
"He not only shut his mouth and wagged his tail, but absolutely offered me his paw—afterward extending his civilities to Ponto.",POE
"I know not how it is, but this peculiar expression of the eye, wreathing itself occasionally into the lips, is the most powerful, if not absolutely the sole spell, which rivets my interest in woman.",POE
"West of this door was a single window, looking toward the brook.",POE
"Its expanse was relieved merely by three of Julien’s exquisite lithographs a trois crayons, fastened to the wall without frames.",POE
"On a triangular shelf in each angle of the room stood also a similar vase, varied only as to its lovely contents.",POE
The fair page now lying before me need not be sullied with my real appellation.,POE
"From comparatively trivial wickedness I passed, with the stride of a giant, into more than the enormities of an Elah-Gabalus.",POE
And is it therefore that he has never thus suffered?,POE
"Weak-minded, and beset with constitutional infirmities akin to my own, my parents could do but little to check the evil propensities which distinguished me.",POE
"These, moreover, utterly trivial, and even ridiculous in themselves, assume, to my fancy, adventitious importance, as connected with a period and a locality when and where I recognise the first ambiguous monitions of the destiny which afterwards so fully overshadowed me.",POE
"Oh, gigantic paradox, too utterly monstrous for solution!",POE
"It was level, and covered with fine hard gravel.",POE
From each room to every other there were sure to be found three or four steps either in ascent or descent.,POE
"It was a solid structure, with massy door, sooner than open which in the absence of the “Dominie,” we would all have willingly perished by the peine forte et dure.",POE
Upon mankind at large the events of very early existence rarely leave in mature age any definite impression.,POE
"This exception was found in the person of a scholar, who, although no relation, bore the same Christian and surname as myself;—a circumstance, in fact, little remarkable; for, notwithstanding a noble descent, mine was one of those everyday appellations which seem, by prescriptive right, to have been, time out of mind, the common property of the mob.",POE
I could only conceive this singular behavior to arise from a consummate self-conceit assuming the vulgar airs of patronage and protection.,POE
"They formed a motley and heterogeneous admixture;—some petulant animosity, which was not yet hatred, some esteem, more respect, much fear, with a world of uneasy curiosity.",POE
Wilson’s retaliations in kind were many; and there was one form of his practical wit that disturbed me beyond measure.,POE
"But, in truth, I had no reason to believe that (with the exception of the matter of relationship, and in the case of Wilson himself,) this similarity had ever been made a subject of comment, or even observed at all by our schoolfellows.",POE
"I had but one consolation—in the fact that the imitation, apparently, was noticed by myself alone, and that I had to endure only the knowing and strangely sarcastic smiles of my namesake himself.",POE
"As it was, I at length grew restive in the extreme under his distasteful supervision, and daily resented more and more openly what I considered his intolerable arrogance.",POE
"One night, about the close of my fifth year at the school, and immediately after the altercation just mentioned, finding every one wrapped in sleep, I arose from bed, and, lamp in hand, stole through a wilderness of narrow passages from my own bedroom to that of my rival.",POE
"Close curtains were around it, which, in the prosecution of my plan, I slowly and quietly withdrew, when the bright rays fell vividly upon the sleeper, and my eyes, at the same moment, upon his countenance.",POE
I gazed;—while my brain reeled with a multitude of incoherent thoughts.,POE
"The brief interval had been sufficient to enfeeble my remembrance of the events at Dr. Bransby’s, or at least to effect a material change in the nature of the feelings with which I remembered them.",POE
"Three years of folly, passed without profit, had but given me rooted habits of vice, and added, in a somewhat unusual degree, to my bodily stature, when, after a week of soulless dissipation, I invited a small party of the most dissolute students to a secret carousal in my chambers.",POE
"In this low and small room there hung no lamp; and now no light at all was admitted, save that of the exceedingly feeble dawn which made its way through the semi-circular window.",POE
"It was the pregnancy of solemn admonition in the singular, low, hissing utterance; and, above all, it was the character, the tone, the key, of those few, simple, and familiar, yet whispered syllables, which came with a thousand thronging memories of bygone days, and struck upon my soul with the shock of a galvanic battery.",POE
But in a brief period I ceased to think upon the subject; my attention being all absorbed in a contemplated departure for Oxford.,POE
"I soon found him of weak intellect, and, of course, marked him as a fitting subject for my skill.",POE
"The game, too, was my favorite écarté!",POE
"Glendinning had been represented to my eager inquiries as immeasurably wealthy; and the sums which he had as yet lost, although in themselves vast, could not, I supposed, very seriously annoy, much less so violently affect him.",POE
"The darkness, however, was now total; and we could only feel that he was standing in our midst.",POE
"In ceasing, he departed at once, and as abruptly as he had entered.",POE
"Any burst of indignation upon this discovery would have affected me less than the silent contempt, or the sarcastic composure, with which it was received.",POE
"Its fashion, too, was of my own fantastic invention; for I was fastidious to an absurd degree of coxcombry, in matters of this frivolous nature.",POE
"At Vienna, too—at Berlin—and at Moscow!",POE
"It was noticeable, indeed, that, in no one of the multiplied instances in which he had of late crossed my path, had he so crossed it except to frustrate those schemes, or to disturb those actions, which, if fully carried out, might have resulted in bitter mischief.",POE
"But, of late days, I had given myself up entirely to wine; and its maddening influence upon my hereditary temper rendered me more and more impatient of control.",POE
"With a too unscrupulous confidence she had previously communicated to me the secret of the costume in which she would be habited, and now, having caught a glimpse of her person, I was hurrying to make my way into her presence.",POE
"Follow me, or I stab you where you stand!”—and I broke my way from the ball-room into a small ante-chamber adjoining, dragging him unresistingly with me as I went.",POE
"I hastened to prevent an intrusion, and then immediately returned to my dying antagonist.",POE
"His mask and cloak lay, where he had thrown them, upon the floor.",POE
Above all was the sense of hearing acute.,POE
You should have seen how wisely I proceeded—with what caution—with what foresight—with what dissimulation I went to work!,POE
It took me an hour to place my whole head within the opening so far that I could see him as he lay upon his bed.,POE
A watch’s minute hand moves more quickly than did mine.,POE
"I had my head in, and was about to open the lantern, when my thumb slipped upon the tin fastening, and the old man sprang up in bed, crying out—“Who’s there?”",POE
"I knew what the old man felt, and pitied him, although I chuckled at heart.",POE
And it was the mournful influence of the unperceived shadow that caused him to feel—although he neither saw nor heard—to feel the presence of my head within the room.,POE
It was the beating of the old man’s heart.,POE
"It grew louder, I say, louder every moment!—do you mark me well?",POE
"With a loud yell, I threw open the lantern and leaped into the room.",POE
"If still you think me mad, you will think so no longer when I describe the wise precautions I took for the concealment of the body.",POE
"When I had made an end of these labors, it was four o’clock—still dark as midnight.",POE
"The old man, I mentioned, was absent in the country.",POE
"My head ached, and I fancied a ringing in my ears: but still they sat and still chatted.",POE
I talked more quickly—more vehemently; but the noise steadily increased.,POE
Anything was more tolerable than this derision!,POE
Overreaching the wide horizon as the rainbow!,POE
"The recollections of my earliest years are connected with that chamber, and with its volumes—of which latter I will say no more.",POE
Berenice!—I call upon her name—Berenice!—and from the gray ruins of memory a thousand tumultuous recollections are startled at the sound!,POE
"In the mean time my own disease—for I have been told that I should call it by no other appellation—my own disease, then, grew rapidly upon me, and assumed finally a monomaniac character of a novel and extraordinary form—hourly and momently gaining vigor—and at length obtaining over me the most incomprehensible ascendancy.",POE
"The meditations were never pleasurable; and, at the termination of the reverie, the first cause, so far from being out of sight, had attained that supernaturally exaggerated interest which was the prevailing feature of the disease.",POE
"True to its own character, my disorder revelled in the less important but more startling changes wrought in the physical frame of Berenice—in the singular and most appalling distortion of her personal identity.",POE
Was it my own excited imagination—or the misty influence of the atmosphere—or the uncertain twilight of the chamber—or the gray draperies which fell around her figure—that caused in it so vacillating and indistinct an outline?,POE
"They parted; and in a smile of peculiar meaning, the teeth of the changed Berenice disclosed themselves slowly to my view.",POE
"Then came the full fury of my monomania, and I struggled in vain against its strange and irresistible influence.",POE
"I shuddered as I assigned to them in imagination a sensitive and sentient power, and even when unassisted by the lips, a capability of moral expression.",POE
"She had been seized with epilepsy in the early morning, and now, at the closing in of the night, the grave was ready for its tenant, and all the preparations for the burial were completed.",POE
"It was a fearful page in the record my existence, written all over with dim, and hideous, and unintelligible recollections.",POE
"Why then, as I perused them, did the hairs of my head erect themselves on end, and the blood of my body become congealed within my veins?",POE
He directed my attention to some object against the wall.,POE
"Men have called me mad; but the question is not yet settled, whether madness is or is not the loftiest intelligence—whether much that is glorious—whether all that is profound—does not spring from disease of thought—from moods of mind exalted at the expense of the general intellect.",POE
"She whom I loved in youth, and of whom I now pen calmly and distinctly these remembrances, was the sole daughter of the only sister of my mother long departed.",POE
"From the dim regions beyond the mountains at the upper end of our encircled domain, there crept out a narrow and deep river, brighter than all save the eyes of Eleonora; and, winding stealthily about in mazy courses, it passed away, at length, through a shadowy gorge, among hills still dimmer than those whence it had issued.",POE
"We had drawn the God Eros from that wave, and now we felt that he had enkindled within us the fiery souls of our forefathers.",POE
"No guile disguised the fervor of love which animated her heart, and she examined with me its inmost recesses as we walked together in the Valley of the Many-Colored Grass, and discoursed of the mighty changes which had lately taken place therein.",POE
"And the curse which I invoked of Him and of her, a saint in Helusion should I prove traitorous to that promise, involved a penalty the exceeding great horror of which will not permit me to make record of it here.",POE
"And Life departed from our paths; for the tall flamingo flaunted no longer his scarlet plumage before us, but flew sadly from the vale into the hills, with all the gay glowing birds that had arrived in his company.",POE
I longed for the love which had before filled it to overflowing.,POE
I wedded—nor dreaded the curse I had invoked; and its bitterness was not visited upon me.,POE
"It is a truth universally acknowledged, that a single man in possession of a good fortune must be in want of a wife.",AUSTEN
The business of her life was to get her daughters married: its solace was visiting and news. ] ] Mr. Bennet was among the earliest of those who waited on Mr. Bingley.,AUSTEN
"“What an excellent father you have, girls,” said she, when the door was shut.",AUSTEN
"“Oh, she is the most beautiful creature I ever beheld!",AUSTEN
But that is one great difference between us.,AUSTEN
"Darcy, on the contrary, had seen a collection of people in whom there was little beauty and no fashion, for none of whom he had felt the smallest interest, and from none received either attention or pleasure.",AUSTEN
"“That is very true,” replied Elizabeth, “and I could easily forgive his pride, if he had not mortified mine.”",AUSTEN
"If the dispositions of the parties are ever so well known to each other, or ever so similar beforehand, it does not advance their felicity in the least.",AUSTEN
"Mr. Darcy, you must allow me to present this young lady to you as a very desirable partner.",AUSTEN
"“I am astonished, my dear,” said Mrs. Bennet, “that you should be so ready to think your own children silly.",AUSTEN
People do not die of little trifling colds.,AUSTEN
"Mrs. Hurst thought the same, and added,-- “She has nothing, in short, to recommend her, but being an excellent walker.",AUSTEN
“And then you have added so much to it yourself--you are always buying books.”,AUSTEN
"Elizabeth joined them again only to say that her sister was worse, and that she could not leave her.",AUSTEN
“I assure you there is quite as much of that going on in the country as in town.”,AUSTEN
"Mr. Bingley was unaffectedly civil in his answer, and forced his younger sister to be civil also, and say what the occasion required.",AUSTEN
"He leaves out half his words, and blots the rest.”",AUSTEN
"If you and Miss Bennet will defer yours till I am out of the room, I shall be very thankful; and then you may say whatever you like of me.”",AUSTEN
"The first half hour was spent in piling up the fire, lest she should suffer from the change of room; and she removed, at his desire, to the other side of the fireplace, that she might be farther from the door.",AUSTEN
I do assure you that my intimacy has not yet taught me that.,AUSTEN
"Mrs. Bennet sent them word that they could not possibly have the carriage before Tuesday; and in her postscript it was added, that if Mr. Bingley and his sister pressed them to stay longer, she could spare them very well.",AUSTEN
"I cannot be otherwise than concerned at being the means of injuring your amiable daughters, and beg leave to apologize for it, as well as to assure you of my readiness to make them every possible amends; but of this hereafter.",AUSTEN
Mr. Bennet could not have chosen better.,AUSTEN
But I will no longer importune my young cousin.”,AUSTEN
"Mr. Collins repeated his apologies in quitting the room, and was assured, with unwearying civility, that they were perfectly needless.",AUSTEN
I hope your plans in favour of the ----shire will not be affected by his being in the neighbourhood.”,AUSTEN
"She could have added, “A young man, too, like you, whose very countenance may vouch for your being amiable.”",AUSTEN
I never heard of her existence till the day before yesterday.”,AUSTEN
"“While I can have my mornings to myself,” said she, “it is enough.",AUSTEN
"“Both,” replied Elizabeth archly; “for I have always seen a great similarity in the turn of our minds.",AUSTEN
"She said no more, and they went down the other dance and parted in silence; on each side dissatisfied, though not to an equal degree; for in Darcy’s breast there was a tolerably powerful feeling towards her, which soon procured her pardon, and directed all his anger against another.",AUSTEN
I believe him to be Lady Catherine’s nephew.,AUSTEN
She looked at Jane to see how she bore it; but Jane was very composedly talking to Bingley.,AUSTEN
"On finding Mrs. Bennet, Elizabeth, and one of the younger girls together, soon after breakfast, he addressed the mother in these words,-- “May I hope, madam, for your interest with your fair daughter Elizabeth, when I solicit for the honour of a private audience with her in the course of this morning?”",AUSTEN
"“Indeed, Mr. Collins, all praise of me will be unnecessary.",AUSTEN
I understand that Mr. Collins has made you an offer of marriage.,AUSTEN
"In a doleful voice Mrs. Bennet thus began the projected conversation:-- “Oh, Mr. Collins!”",AUSTEN
"I really do not think Georgiana Darcy has her equal for beauty, elegance, and accomplishments; and the affection she inspires in Louisa and myself is heightened into something still more interesting from the hope we dare to entertain of her being hereafter our sister.",AUSTEN
"Miss Lucas perceived him from an upper window as he walked towards the house, and instantly set out to meet him accidentally in the lane.",AUSTEN
The strangeness of Mr. Collins’s making two offers of marriage within three days was nothing in comparison of his being now accepted.,AUSTEN
The sight of Miss Lucas was odious to her.,AUSTEN
"I only want to think you perfect, and you set yourself against it.",AUSTEN
Elizabeth could not oppose such a wish; and from this time Mr. Bingley’s name was scarcely ever mentioned between them.,AUSTEN
"I am sorry to say it of them, but so it is.",AUSTEN
"They had, therefore, many acquaintance in common; and, though Wickham had been little there since the death of Darcy’s father, five years before, it was yet in his power to give her fresher intelligence of her former friends than she had been in the way of procuring.",AUSTEN
“I am not likely to leave Kent for some time.,AUSTEN
"I cannot but wonder, however, at her having any such fears now, because if he had at all cared about me, we must have met long, long ago.",AUSTEN
"Elizabeth loved absurdities, but she had known Sir William’s too long.",AUSTEN
"Oh, what hours of transport we shall spend!",AUSTEN
"“Very true, my dear, that is exactly what I say.",AUSTEN
Elizabeth’s courage did not fail her.,AUSTEN
"Elizabeth could hardly help smiling, as she assured her that had not been the case.",AUSTEN
The room in which the ladies sat was backwards.,AUSTEN
"There are few people in England, I suppose, who have more true enjoyment of music than myself, or a better natural taste.",AUSTEN
"I cannot catch their tone of conversation, or appear interested in their concerns, as I often see done.”",AUSTEN
Little more than half a day’s journey.,AUSTEN
“Do you certainly leave Kent on Saturday?” said she.,AUSTEN
“And remember that I have not much reason for supposing it to be Bingley.,AUSTEN
"He sat down for a few moments, and then getting up walked about the room.",AUSTEN
"Long before it had taken place, my opinion of you was decided.",AUSTEN
"But the person who advanced was now near enough to see her, and stepping forward with eagerness, pronounced her name.",AUSTEN
"But however this remonstrance might have staggered or delayed his determination, I do not suppose that it would ultimately have prevented the marriage, had it not been seconded by the assurance, which I hesitated not in giving, of your sister’s indifference.",AUSTEN
"I must now mention a circumstance which I would wish to forget myself, and which no obligation less than the present should induce me to unfold to any human being.",AUSTEN
"As to his real character, had information been in her power, she had never felt a wish of inquiring.",AUSTEN
"Elizabeth could not see Lady Catherine without recollecting that, had she chosen it, she might by this time have been presented to her as her future niece; nor could she think, without a smile, of what her Ladyship’s indignation would have been.",AUSTEN
"Her father, contented with laughing at them, would never exert himself to restrain the wild giddiness of his youngest daughters; and her mother, with manners so far from right herself, was entirely insensible of the evil.",AUSTEN
"He then handed her in, Maria followed, and the door was on the point of being closed, when he suddenly reminded them, with some consternation, that they had hitherto forgotten to leave any message for the ladies of Rosings.",AUSTEN
"“But I hope there is no strong attachment on either side,” said Jane.",AUSTEN
"She dreaded seeing Wickham again, and was resolved to avoid it as long as possible.",AUSTEN
"I was uncomfortable enough, I was very uncomfortable--I may say unhappy.",AUSTEN
And what sort of table do they keep?,AUSTEN
"She represented to him all the improprieties of Lydia’s general behaviour, the little advantage she could derive from the friendship of such a woman as Mrs. Forster, and the probability of her being yet more imprudent with such a companion at Brighton, where the temptations must be greater than at home.",AUSTEN
"With an air of indifference, he soon afterwards added, “How long did you say that he was at Rosings?”",AUSTEN
In that county there was enough to be seen to occupy the chief of their three weeks; and to Mrs. Gardiner it had a peculiarly strong attraction.,AUSTEN
"It was a large, handsome stone building, standing well on rising ground, and backed by a ridge of high woody hills; and in front a stream of some natural importance was swelled into greater, but without any artificial appearance.",AUSTEN
This accounted to Elizabeth for Mr. Wickham’s being among them.,AUSTEN
"Mrs. Reynolds anticipated Miss Darcy’s delight, when she should enter the room.",AUSTEN
"That he should even speak to her was amazing!--but to speak with such civility, to inquire after her family!",AUSTEN
"After walking some time in this way, the two ladies in front, the two gentlemen behind, on resuming their places, after descending to the brink of the river for the better inspection of some curious water-plant, there chanced to be a little alteration.",AUSTEN
"But, to be sure, the good lady who showed us the house did give him a most flaming character!",AUSTEN
"We have not met since the 26th of November, when we were all dancing together at Netherfield.”",AUSTEN
"Miss Darcy looked as if she wished for courage enough to join in it; and sometimes did venture a short sentence, when there was least danger of its being heard.",AUSTEN
"Mrs. Gardiner and Elizabeth talked of all that had occurred during their visit, as they returned, except what had particularly interested them both.",AUSTEN
"Could she exert herself, it would be better, but this is not to be expected; and as to my father, I never in my life saw him so affected.",AUSTEN
How are they even to be discovered?,AUSTEN
"But wishes were vain; or, at best, could serve only to amuse her in the hurry and confusion of the following hour.",AUSTEN
"And who is there, whatever might be their former conduct, that she would believe capable of such an attempt, till it were proved against them?",AUSTEN
"Mary and Kitty, thank Heaven! are quite well.”",AUSTEN
“And was Denny convinced that Wickham would not marry?,AUSTEN
But to be guarded at such a time is very difficult.,AUSTEN
"She had never heard of his having had any relations, except a father and mother, both of whom had been dead many years.",AUSTEN
"It has been my own doing, and I ought to feel it.”",AUSTEN
"They are not married, nor can I find there was any intention of being so; but if you are willing to perform the engagements which I have ventured to make on your side, I hope it will not be long before they are.",AUSTEN
"“I comfort myself with thinking,” replied Jane, “that he certainly would not marry Lydia, if he had not a real regard for her.",AUSTEN
"“Well,” cried her mother, “it is all very right; who should do it but her own uncle?",AUSTEN
It was borne in the latter with decent philosophy.,AUSTEN
"But how little of permanent happiness could belong to a couple who were only brought together because their passions were stronger than their virtue, she could easily conjecture.",AUSTEN
"The bride and her mother could neither of them talk fast enough; and Wickham, who happened to sit near Elizabeth, began inquiring after his acquaintance in that neighbourhood, with a good-humoured ease, which she felt very unable to equal in her replies.",AUSTEN
My uncle and aunt and I were to go together; and the others were to meet us at the church.,AUSTEN
"But if you are really innocent and ignorant, I must be more explicit.",AUSTEN
"Your father was gone, your uncle at home, and, as I said before, they had a great deal of talk together.",AUSTEN
"It was painful, exceedingly painful, to know that they were under obligations to a person who could never receive a return.",AUSTEN
"The quiet, the retirement of such a life, would have answered all my ideas of happiness!",AUSTEN
"He comes down on Thursday, at the latest, very likely on Wednesday.",AUSTEN
"“Some acquaintance or other, my dear, I suppose; I am sure I do not know.”",AUSTEN
"It was my brother Gardiner’s drawing up, too, and I wonder how he came to make such an awkward business of it.",AUSTEN
"“Yes, very indifferent, indeed,” said Elizabeth, laughingly.",AUSTEN
"I think everything has passed off uncommonly well, I assure you.",AUSTEN
"Elizabeth would not observe her; and when at last Kitty did, she very innocently said, “What is the matter, mamma?",AUSTEN
"She will be down in a moment, I dare say.”",AUSTEN
“I am certainly the most fortunate creature that ever existed!” cried Jane.,AUSTEN
"Your own heart, your own conscience, must tell you why I come.”",AUSTEN
"If there is no other objection to my marrying your nephew, I shall certainly not be kept from it by knowing that his mother and aunt wished him to marry Miss de Bourgh.",AUSTEN
"You have widely mistaken my character, if you think I can be worked on by such persuasions as these.",AUSTEN
She had not herself forgotten to feel that the marriage of her sister must bring them more frequently together.,AUSTEN
Never had his wit been directed in a manner so little agreeable to her.,AUSTEN
"Much as I respect them, I believe I thought only of you.”",AUSTEN
"“The letter shall certainly be burnt, if you believe it essential to the preservation of my regard; but, though we have both reason to think my opinions not entirely unalterable, they are not, I hope, quite so easily changed as that implies.”",AUSTEN
"I told him, moreover, that I believed myself mistaken in supposing, as I had done, that your sister was indifferent to him; and as I could easily perceive that his attachment to her was unabated, I felt no doubt of their happiness together.”",AUSTEN
You will only think I feel more than I ought to do when I tell you all.”,AUSTEN
"“Have you any other objection,” said Elizabeth, “than your belief of my indifference?”",AUSTEN
And a special licence--you must and shall be married by a special licence.,AUSTEN
Was it merely to ride to Longbourn and be embarrassed? or had you intended any more serious consequences?”,AUSTEN
Happy for all her maternal feelings was the day on which Mrs. Bennet got rid of her two most deserving daughters.,AUSTEN
"Darcy, as well as Elizabeth, really loved them; and they were both ever sensible of the warmest gratitude towards the persons who, by bringing her into Derbyshire, had been the means of uniting them.",AUSTEN
"Emma Woodhouse, handsome, clever, and rich, with a comfortable home and happy disposition, seemed to unite some of the best blessings of existence; and had lived nearly twenty-one years in the world with very little to distress or vex her.",AUSTEN
"Whenever James goes over to see his daughter, you know, she will be hearing of us.",AUSTEN
"“I promise you to make none for myself, papa; but I must, indeed, for other people.",AUSTEN
"He quitted the militia and engaged in trade, having brothers already established in a good way in London, which afforded him a favourable opening.",AUSTEN
"She lived with her single daughter in a very small way, and was considered with all the regard and respect which a harmless old lady, under such untoward circumstances, can excite.",AUSTEN
"She had ventured once alone to Randalls, but it was not pleasant; and a Harriet Smith, therefore, one whom she could summon at any time to a walk, would be a valuable addition to her privileges.",AUSTEN
"But a farmer can need none of my help, and is, therefore, in one sense, as much above my notice as in every other he is below it.”",AUSTEN
"“To be sure,” said Harriet, in a mortified voice, “he is not so genteel as real gentlemen.”",AUSTEN
"Mr. Elton’s situation was most suitable, quite the gentleman himself, and without low connexions; at the same time, not of any family that could fairly object to the doubtful birth of Harriet.",AUSTEN
"No, Mr. Knightley, do not foretell vexation from that quarter.”",AUSTEN
"I should like to see Emma in love, and in some doubt of a return; it would do her good.",AUSTEN
But still I cannot imagine she would not be persuaded.”,AUSTEN
"Every body who saw it was pleased, but Mr. Elton was in continual raptures, and defended it through every criticism.",AUSTEN
"“Yes, indeed, a very good letter,” replied Emma rather slowly—“so good a letter, Harriet, that every thing considered, I think one of his sisters must have helped him.",AUSTEN
"I could not have visited Mrs. Robert Martin, of Abbey-Mill Farm.",AUSTEN
"It is his companion all this evening, his solace, his delight.",AUSTEN
"He came to the Abbey two evenings ago, on purpose to consult me about it.",AUSTEN
"I remember saying to myself, ‘Even Emma, with all her partiality for Harriet, will think this a good match.’”",AUSTEN
"But as to my letting her marry Robert Martin, it is impossible; she has refused him, and so decidedly, I think, as must prevent any second application.",AUSTEN
"Mr. Woodhouse was almost as much interested in the business as the girls, and tried very often to recollect something worth their putting in.",AUSTEN
Where would be the use of his bringing us a charade made by a friend upon a mermaid or a shark?,AUSTEN
"How little did I think!—The two Abbots and I ran into the front room and peeped through the blind when we heard he was going by, and Miss Nash came and scolded us away, and staid to look through herself; however, she called me back presently, and let me look too, which was very good-natured.",AUSTEN
"“Yes, papa; we have something to read you, something quite fresh.",AUSTEN
"John, the second, is named after his father.",AUSTEN
“Dear me!—it is so odd to hear a woman talk so!”— “I have none of the usual inducements of women to marry.,AUSTEN
I should not wonder if it were to bring on the declaration.,AUSTEN
Mr. Woodhouse’s peculiarities and fidgetiness were sometimes provoking him to a rational remonstrance or sharp retort equally ill-bestowed.,AUSTEN
“I have no doubt of his being a most amiable young man.,AUSTEN
I never had much opinion of the sea air.”,AUSTEN
"“What is the matter, sir?—Did you speak to me?” cried Mr. John Knightley, hearing his own name.",AUSTEN
"Emma called on her the next day, and found her doom already signed with regard to Randalls.",AUSTEN
"“Oh! no—I am grieved to find—I was on the point of telling you that when I called at Mrs. Goddard’s door, which I did the very last thing before I returned to dress, I was told that Miss Smith was not better, by no means better, rather worse.",AUSTEN
"I should like to see two more here,—your pretty little friend, Miss Smith, and my son—and then I should say we were quite complete.",AUSTEN
"Even if this family, the Braithwaites, are put off, I am still afraid that some excuse may be found for disappointing us.",AUSTEN
His eldest daughter’s alarm was equal to his own.,AUSTEN
"It would be impossible to say what Emma felt, on hearing this—which of all her unpleasant sensations was uppermost.",AUSTEN
The very want of such equality might prevent his perception of it; but he must know that in fortune and consequence she was greatly his superior.,AUSTEN
"Their being fixed, so absolutely fixed, in the same place, was bad for each, for all three.",AUSTEN
"I shall, therefore, set off to-morrow.’—If he would say so to her at once, in the tone of decision becoming a man, there would be no opposition made to his going.”",AUSTEN
"Cannot you imagine, Mr. Knightley, what a sensation his coming will produce?",AUSTEN
"We never were so long without seeing her before, and as I was telling Mrs. Cole, we shall hardly know how to make enough of her now.”",AUSTEN
"Well, now I have just given you a hint of what Jane writes about, we will turn to her letter, and I am sure she tells her own story a great deal better than I can tell it for her.”",AUSTEN
"Upon the whole, Emma left her with such softened, charitable feelings, as made her look around in walking home, and lament that Highbury afforded no young man worthy of giving her independence; nobody that she could wish to scheme about for her.",AUSTEN
"However, she is very agreeable, and Mrs. Bates too, in a different way.",AUSTEN
Jane’s curiosity did not appear of that absorbing nature as wholly to occupy her.,AUSTEN
It was now about the time that she was likely to call.,AUSTEN
"She brought no name, no blood, no alliance.",AUSTEN
It was a good scheme; but on driving to the door they heard that neither “master nor mistress was at home;” they had both been out some time; the man believed they were gone to Hartfield.,AUSTEN
Their subjects in general were such as belong to an opening acquaintance.,AUSTEN
"She was wanting to see him again, and especially to see him in company with Mrs. Weston, upon his behaviour to whom her opinion of him was to depend.",AUSTEN
I assure you the utmost stretch of public fame would not make me amends for the loss of any happiness in private life.”,AUSTEN
One cannot love a reserved person.”,AUSTEN
"She felt that she should like to have had the power of refusal; and afterwards, as the idea of the party to be assembled there, consisting precisely of those whose society was dearest to her, occurred again and again, she did not know that she might not have been tempted to accept.",AUSTEN
I should be extremely sorry to be giving them any pain.,AUSTEN
She knows their ways best; but I should not consider their silence as any reason for their not meaning to make the present.,AUSTEN
The conviction seemed real; he looked as if he felt it.,AUSTEN
"I could not bear the idea of it; so, as soon as Mr. Weston came into the room, and I could get at him, I spoke to him about the carriage.",AUSTEN
"And then fly off, through half a sentence, to her mother’s old petticoat.",AUSTEN
"“This present from the Campbells,” said she—“this pianoforte is very kindly given.”",AUSTEN
"The truth is, Harriet, that my playing is just good enough to be praised, but Jane Fairfax’s is much beyond it.”",AUSTEN
It will be felt so great an attention! and I always thought you meant it.”,AUSTEN
"I do congratulate you, Mrs. Weston, most warmly.",AUSTEN
"I dare say, Miss Fairfax, that he either gave his friend very minute directions, or wrote to Broadwood himself.",AUSTEN
The listeners were amused; and Mrs. Weston gave Emma a look of particular meaning.,AUSTEN
"Somebody said that Miss Gilbert was expected at her brother’s, and must be invited with the rest.",AUSTEN
"Papa, do you not think it an excellent improvement?”",AUSTEN
"“My dear, you are too particular,” said her husband.",AUSTEN
"One thing only was wanting to make the prospect of the ball completely satisfactory to Emma—its being fixed for a day within the granted term of Frank Churchill’s stay in Surry; for, in spite of Mr. Weston’s confidence, she could not think it so very impossible that the Churchills might not allow their nephew to remain a day beyond his fortnight.",AUSTEN
I am sure you did not much expect to like us.,AUSTEN
Her ideas only varied as to the how much.,AUSTEN
They are very important—and sorry I am that you cannot feel them sufficiently to act upon them.,AUSTEN
Harriet would have been a better match.,AUSTEN
Why does not he try Bath?—Indeed he should.,AUSTEN
Upon my word it is enough to put one in a fright.,AUSTEN
“Yes: but a young lady—a bride—I ought to have paid my respects to her if possible.,AUSTEN
"Let me not suppose that she dares go about, Emma Woodhouse-ing me!—But upon my honour, there seems no limits to the licentiousness of that woman’s tongue!”",AUSTEN
"He seemed hardly to hear her; he was thoughtful—and in a manner which shewed him not pleased, soon afterwards said, “So you have been settling that I should marry Jane Fairfax?”",AUSTEN
"She was not yet quite able to see him and his charming happy wife together, without feeling uncomfortable.",AUSTEN
They should take care of their health and their complexion.,AUSTEN
"The varieties of handwriting were farther talked of, and the usual observations made.",AUSTEN
"“Colonel and Mrs. Campbell are to be in town again by midsummer,” said Jane.",AUSTEN
"Put it up, put it up; we will have a good talk about it some other time, but it will not do now.",AUSTEN
"“Mrs. Churchill is not much in my good graces, as you may suspect—but this is quite between ourselves.",AUSTEN
"“Only think! well, that must be infinitely provoking!",AUSTEN
"It was not very long, though rather longer than Mr. Weston had foreseen, before she had the power of forming some opinion of Frank Churchill’s feelings.",AUSTEN
"Mrs. Bates was engaged to spend the evening at Hartfield, James had due notice, and he sanguinely hoped that neither dear little Henry nor dear little John would have any thing the matter with them, while dear Emma were gone.",AUSTEN
"This is brilliant indeed!—This is admirable!—Excellently contrived, upon my word.",AUSTEN
It had just occurred to Mrs. Weston that Mrs. Elton must be asked to begin the ball; that she would expect it; which interfered with all their wishes of giving Emma that distinction.—Emma heard the sad truth with fortitude.,AUSTEN
"Two steps, Jane, take care of the two steps.",AUSTEN
A few minutes made Emma acquainted with the whole.,AUSTEN
Emma was quite eager to see this superior treasure.,AUSTEN
Emma was very decided in thinking such an attachment no bad thing for her friend.,AUSTEN
I will answer for it she never betrayed the least thing in the world.,AUSTEN
"He could not see her in a situation of such danger, without trying to preserve her.",AUSTEN
"It might be weeks, it might be only a few days, before the horse were useable; but no preparations could be ventured on, and it was all melancholy stagnation.",AUSTEN
"Come on a donkey, however, if you prefer it.",AUSTEN
"“Certainly, if you wish it;—but you are not going to walk to Highbury alone?”",AUSTEN
I have more than half an expectation of our all going abroad.,AUSTEN
Not that Emma was gay and thoughtless from any real felicity; it was rather because she felt less happy than she had expected.,AUSTEN
"I must make myself very disagreeable, or she would not have said such a thing to an old friend.”",AUSTEN
"“Now, ma’am,” said Jane to her aunt, “shall we join Mrs. Elton?”",AUSTEN
"She hoped no one could have said to her, “How could you be so unfeeling to your father?—I must, I will tell you truths while I can.”",AUSTEN
"Impossible that any situation could be more replete with comfort; if we except, perhaps, Mrs. Suckling’s own family, and Mrs. Bragge’s; but Mrs. Smallridge is intimate with both, and in the very same neighbourhood:—lives only four miles from Maple Grove.",AUSTEN
Emma was sure he had not forgiven her; he looked unlike himself.,AUSTEN
"Short letters from Frank were received at Randalls, communicating all that was immediately important of their state and plans.",AUSTEN
"In fact, it does not concern you—it concerns only myself,—that is, we hope.—Humph!—In short, my dear Emma, there is no occasion to be so uneasy about it.",AUSTEN
It was our darling wish that you might be attached to each other—and we were persuaded that it was so.— Imagine what we have been feeling on your account.”,AUSTEN
"His wife gave him a look which invited him in; and, while he was coming round, added, “Now, dearest Emma, let me intreat you to say and look every thing that may set his heart at ease, and incline him to be satisfied with the match.",AUSTEN
"Emma looked at her, quite unable to speak.",AUSTEN
"Her own conduct, as well as her own heart, was before her in the same few minutes.",AUSTEN
She could not flatter herself with any idea of blindness in his attachment to her.,AUSTEN
Such a conclusion could not pass unanswered by Mrs. Weston.,AUSTEN
"I cannot let you continue in your error; and yet, perhaps, since my manners gave such an impression, I have as much reason to be ashamed of confessing that I never have been at all attached to the person we are speaking of, as it might be natural for a woman to feel in confessing exactly the reverse.—But I never have.”",AUSTEN
"He had, in fact, been wholly unsuspicious of his own influence.",AUSTEN
"She disapproved them, which ought to have been enough.—My plea of concealing the truth she did not think sufficient.—She was displeased; I thought unreasonably so: I thought her, on a thousand occasions, unnecessarily scrupulous and cautious: I thought her even cold.",AUSTEN
"He did so, but very soon stopt again to say, “the pianoforte!",AUSTEN
"This proposal of his, this plan of marrying and continuing at Hartfield—the more she contemplated it, the more pleasing it became.",AUSTEN
"“What! are we to have the pleasure of a call from Mr. Elton?—That will be a favour indeed! for I know gentlemen do not like morning visits, and Mr. Elton’s time is so engaged.”",AUSTEN
"Had you not been surrounded by other friends, I might have been tempted to introduce a subject, to ask questions, to speak more openly than might have been strictly correct.—I feel that I should certainly have been impertinent.”",AUSTEN
"“I remember once calling you ‘George,’ in one of my amiable fits, about ten years ago.",AUSTEN
"It was a union of the highest promise of felicity in itself, and without one real, rational difficulty to oppose or delay it.",AUSTEN
"How, where, when?—Let me know it all.",AUSTEN
"Nothing, but that the lessons of her past folly might teach her humility and circumspection in future.",AUSTEN
I think there is a little likeness between us.”,AUSTEN
"The result of this distress was, that, with a much more voluntary, cheerful consent than his daughter had ever presumed to hope for at the moment, she was able to fix her wedding-day—and Mr. Elton was called on, within a month from the marriage of Mr. and Mrs. Robert Martin, to join the hands of Mr. Knightley and Miss Woodhouse.",AUSTEN
The family of Dashwood had long been settled in Sussex.,AUSTEN
"No sooner was his father’s funeral over, than Mrs. John Dashwood, without sending any notice of her intention to her mother-in-law, arrived with her child and their attendants.",AUSTEN
"The promise, therefore, was given, and must be performed.",AUSTEN
"Her income was not her own, she said, with such perpetual claims on it; and it was the more unkind in my father, because, otherwise, the money would have been entirely at my mother’s disposal, without any restriction whatever.",AUSTEN
And yet some of the plate would have been a very pleasant addition to our own stock here.”,AUSTEN
"“I think you will like him,” said Elinor, “when you know more of him.”",AUSTEN
I thought so at the time; but you would give him Cowper.”,AUSTEN
"I have seen a great deal of him, have studied his sentiments and heard his opinion on subjects of literature and taste; and, upon the whole, I venture to pronounce that his mind is well-informed, enjoyment of books exceedingly great, his imagination lively, his observation just and correct, and his taste delicate and pure.",AUSTEN
It would not be likely to produce that dejection of mind which frequently attended him.,AUSTEN
He really felt conscientiously vexed on the occasion; for the very exertion to which he had limited the performance of his promise to his father was by this arrangement rendered impracticable.—The furniture was all sent around by water.,AUSTEN
"“As for the house itself, to be sure,” said she, “it is too small for our family, but we will make ourselves tolerably comfortable for the present, as it is too late in the year for improvements.",AUSTEN
"Lady Middleton piqued herself upon the elegance of her table, and of all her domestic arrangements; and from this kind of vanity was her greatest enjoyment in any of their parties.",AUSTEN
"The immediate advantage to herself was by no means inconsiderable, for it supplied her with endless jokes against them both.",AUSTEN
"On the contrary, if I have felt any anxiety at all on the subject, it has been in recollecting that he sometimes showed a want of pleasure and readiness in accepting my invitation, when I talked of his coming to Barton.",AUSTEN
"She thanked him again and again; and, with a sweetness of address which always attended her, invited him to be seated.",AUSTEN
"“He is as good a sort of fellow, I believe, as ever lived,” repeated Sir John.",AUSTEN
"“Elinor,” cried Marianne, “is this fair? is this just? are my ideas so scanty?",AUSTEN
“In defence of your protégé you can even be saucy.”,AUSTEN
To her it was but the natural consequence of a strong affection in a young and ardent mind.,AUSTEN
"“This,” said he, “cannot hold; but a change, a total change of sentiments—No, no, do not desire it; for when the romantic refinements of a young mind are obliged to give way, how frequently are they succeeded by such opinions as are but too common, and too dangerous!",AUSTEN
I am sure she will be married to Mr. Willoughby very soon.”,AUSTEN
While they were at breakfast the letters were brought in.,AUSTEN
"But, however, I hope you will think better of it.",AUSTEN
I dare say the Colonel will leave her all his fortune.”,AUSTEN
"It is a corner room, and has windows on two sides.",AUSTEN
"“I am heartily glad of it,” he cried.",AUSTEN
"“Yes, for I am unable to keep my engagement with you.",AUSTEN
"“It was not inclination that he wanted, Elinor; I could plainly see that.",AUSTEN
"“I want no proof of their affection,” said Elinor; “but of their engagement I do.”",AUSTEN
"Though we have not known him long, he is no stranger in this part of the world; and who has ever spoken to his disadvantage?",AUSTEN
It would be the natural result of your affection for her.,AUSTEN
"She began almost to feel a dislike of Edward; and it ended, as every feeling must end with her, by carrying back her thoughts to Willoughby, whose manners formed a contrast sufficiently striking to those of his brother elect.",AUSTEN
"His coldness and reserve mortified her severely; she was vexed and half angry; but resolving to regulate her behaviour to him by the past rather than the present, she avoided every appearance of resentment or displeasure, and treated him as she thought he ought to be treated from the family connection.",AUSTEN
"Elinor smiled again, to hear her sister describing so accurately their future expenses at Combe Magna.",AUSTEN
"Sometimes one is guided by what they say of themselves, and very frequently by what other people say of them, without giving oneself time to deliberate and judge.”",AUSTEN
"“I suspect,” said Elinor, “that to avoid one kind of affectation, Edward here falls into another.",AUSTEN
"But, as it was, she only learned, from some very significant looks, how far their penetration, founded on Margaret’s instructions, extended.",AUSTEN
But (with a smile) you would be materially benefited in one particular at least—you would know where to go when you left them.”,AUSTEN
You may see her if you look this way.”,AUSTEN
"“Here comes Marianne,” cried Sir John.",AUSTEN
They were obliged to put an end to such an expectation.,AUSTEN
“I did not know I contradicted any body in calling your mother ill-bred.”,AUSTEN
Don’t palm all your abuses of language upon me.”,AUSTEN
“Is Mr. Willoughby much known in your part of Somersetshire?” said Elinor.,AUSTEN
"From such commendation as this, however, there was not much to be learned; Elinor well knew that the sweetest girls in the world were to be met with in every part of England, under every possible variation of form, face, temper and understanding.",AUSTEN
"She did her best when thus called on, by speaking of Lady Middleton with more warmth than she felt, though with far less than Miss Lucy.",AUSTEN
"And to be better acquainted therefore, Elinor soon found was their inevitable lot, for as Sir John was entirely on the side of the Miss Steeles, their party would be too strong for opposition, and that kind of intimacy must be submitted to, which consists of sitting an hour or two together in the same room almost every day.",AUSTEN
Are you acquainted with Mr. Robert Ferrars?,AUSTEN
"Then taking a small miniature from her pocket, she added, “To prevent the possibility of mistake, be so good as to look at this face.",AUSTEN
Your own judgment must direct you.”,AUSTEN
What a softener of the heart was this persuasion!,AUSTEN
"I would not disappoint the little angel for all the world: and if you want me at the card-table now, I am resolved to finish the basket after supper.”",AUSTEN
"Your case is a very unfortunate one; you seem to me to be surrounded with difficulties, and you will have need of all your mutual affection to support you under them.",AUSTEN
They were again silent for many minutes.,AUSTEN
"We three shall be able to go very well in my chaise; and when we are in town, if you do not like to go wherever I do, well and good, you may always go with one of my daughters.",AUSTEN
"“I will have you both go,” said Mrs. Dashwood; “these objections are nonsensical.",AUSTEN
"It was a great satisfaction to Elinor that Mrs. Jennings, by being much engaged in her own room, could see little of what was passing.",AUSTEN
Marianne rose the next morning with recovered spirits and happy looks.,AUSTEN
"In another day or two perhaps; this extreme mildness can hardly last longer—nay, perhaps it may freeze tonight!”",AUSTEN
"“You are expecting a letter, then?” said Elinor, unable to be longer silent.",AUSTEN
"Elinor was not prepared for such a question, and having no answer ready, was obliged to adopt the simple and common expedient, of asking what he meant?",AUSTEN
"At last he turned round again, and regarded them both; she started up, and pronouncing his name in a tone of affection, held out her hand to him.",AUSTEN
But every circumstance that could embitter such an evil seemed uniting to heighten the misery of Marianne in a final separation from Willoughby—in an immediate and irreconcilable rupture with him.,AUSTEN
"That I should ever have meant more you will allow to be impossible, when you understand that my affections have been long engaged elsewhere, and it will not be many weeks, I believe, before this engagement is fulfilled.",AUSTEN
"The first, which was what her sister had sent him on their arrival in town, was to this effect.",AUSTEN
"For a moment or two she could say no more; but when this emotion had passed away, she added, in a firmer tone, “Elinor, I have been cruelly used; but not by Willoughby.”",AUSTEN
"“How do you do my dear?”—said she in a voice of great compassion to Marianne, who turned away her face without attempting to answer.",AUSTEN
But the family are all rich together.,AUSTEN
And what good does talking ever do you know?”,AUSTEN
"Colonel Brandon came in while the party were at tea, and by his manner of looking round the room for Marianne, Elinor immediately fancied that he neither expected nor wished to see her there, and, in short, that he was already aware of what occasioned her absence.",AUSTEN
"In one thing, however, she was uniform, when it came to the point, in avoiding, where it was possible, the presence of Mrs. Jennings, and in a determined silence when obliged to endure it.",AUSTEN
"He stopt a moment for recollection, and then, with another sigh, went on.",AUSTEN
"I could not trace her beyond her first seducer, and there was every reason to fear that she had removed from him only to sink deeper in a life of sin.",AUSTEN
"No, he had already done that, which no man who can feel for another would do.",AUSTEN
"Not that Marianne appeared to distrust the truth of any part of it, for she listened to it all with the most steady and submissive attention, made neither objection nor remark, attempted no vindication of Willoughby, and seemed to show by her tears that she felt it to be impossible.",AUSTEN
"She had taken care to have the intelligence conveyed to herself, as soon as it was known that the ceremony was over, as she was desirous that Marianne should not receive the first notice of it from the public papers, which she saw her eagerly examining every morning.",AUSTEN
"“Oh, dear, that is a great pity! but such old friends as Lucy and me!—I think she might see us; and I am sure we would not speak a word.”",AUSTEN
"Mr. Dashwood attended them down stairs, was introduced to Mrs. Jennings at the door of her carriage, and repeating his hope of being able to call on them the next day, took leave.",AUSTEN
"A thousand a-year is a great deal for a mother to give away, to make over for ever; but Mrs. Ferrars has a noble spirit.",AUSTEN
"Few people of common prudence will do that and whatever she saves, she will be able to dispose of.”",AUSTEN
"Edward assured them himself of his being in town, within a very short time, by twice calling in Berkeley Street.",AUSTEN
"Mrs. Ferrars, not aware of their being Elinor’s work, particularly requested to look at them; and after they had received gratifying testimony of Lady Middletons’s approbation, Fanny presented them to her mother, considerately informing her, at the same time, that they were done by Miss Dashwood.",AUSTEN
"To this Elinor had no answer to make, and did not attempt any.",AUSTEN
"The sight of you, Edward, is the only comfort it has afforded; and thank Heaven! you are what you always were!”",AUSTEN
"They had too much sense to be desirable companions to the former; and by the latter they were considered with a jealous eye, as intruding on their ground, and sharing the kindness which they wanted to monopolize.",AUSTEN
"The evil is now irremediable, and it has been entirely your own doing.",AUSTEN
But they are Lady Middleton’s visitors.,AUSTEN
So you may think what a blow it was to all her vanity and pride.,AUSTEN
"The first question on her side, which led to farther particulars, was,— “How long has this been known to you, Elinor? has he written to you?”",AUSTEN
"The composure of mind with which I have brought myself at present to consider the matter, the consolation that I have been willing to admit, have been the effect of constant and painful exertion; they did not spring up of themselves; they did not occur to relieve my spirits at first.",AUSTEN
"He would stand to it, cost him what it might.”",AUSTEN
"Mrs. Jennings was very warm in her praise of Edward’s conduct, but only Elinor and Marianne understood its true merit.",AUSTEN
"Once Lucy thought to write to him, but then her spirits rose against that.",AUSTEN
I suppose Lady Middleton won’t ask us any more this bout.,AUSTEN
"From Cleveland, which was within a few miles of Bristol, the distance to Barton was not beyond one day, though a long day’s journey; and their mother’s servant might easily come there to attend them down; and as there could be no occasion of their staying above a week at Cleveland, they might now be at home in little more than three weeks’ time.",AUSTEN
"Edward, she believed, was still in town, and fortunately she had heard his address from Miss Steele.",AUSTEN
"“No, ma’am, not even Lucy if you please.",AUSTEN
"Colonel Brandon, who was here only ten minutes ago, has desired me to say, that understanding you mean to take orders, he has great pleasure in offering you the living of Delaford now just vacant, and only wishes it were more valuable.",AUSTEN
"“My dear ma’am,” said Elinor, “what can you be thinking of?",AUSTEN
"“It is truly astonishing!”—he cried, after hearing what she said—“what could be the Colonel’s motive?”",AUSTEN
"Elinor repeated the particulars of it, as she had given them to John; and their effect on Robert, though very different, was not less striking than it had been on him.",AUSTEN
"For the convenience of Charlotte and her child, they were to be more than two days on their journey, and Mr. Palmer, travelling more expeditiously with Colonel Brandon, was to join them at Cleveland soon after their arrival.",AUSTEN
"He tried to reason himself out of fears, which the different judgment of the apothecary seemed to render absurd; but the many hours of each day in which he was left entirely alone, were but too favourable for the admission of every melancholy idea, and he could not expel from his mind the persuasion that he should see Marianne no more.",AUSTEN
"With strong concern, and with many reproaches for not being called to their aid, did Mrs. Jennings hear in the morning of what had passed.",AUSTEN
"Marianne slept through every blast; and the travellers—they had a rich reward in store, for every present inconvenience.",AUSTEN
I am not at leisure to remain with you longer.,AUSTEN
Is there a man on earth who could have done it?,AUSTEN
The night following this affair—I was to go the next morning—was spent by me in deliberating on what my future conduct should be.,AUSTEN
But this note made me know myself better.,AUSTEN
"It happened to catch Sophia’s eye before it caught mine—and its size, the elegance of the paper, the hand-writing altogether, immediately gave her a suspicion.",AUSTEN
"You have proved your heart less wicked, much less wicked.",AUSTEN
"“Well,”—he replied—“once more good bye.",AUSTEN
“He opened his whole heart to me yesterday as we travelled.,AUSTEN
"Marianne’s illness, though weakening in its kind, had not been long enough to make her recovery slow; and with youth, natural strength, and her mother’s presence in aid, it proceeded so smoothly as to enable her to remove, within four days after the arrival of the latter, into Mrs. Palmer’s dressing-room.",AUSTEN
"At present, if I could be satisfied on one point, if I could be allowed to think that he was not always acting a part, not always deceiving me; but above all, if I could be assured that he never was so very wicked as my fears have sometimes fancied him, since the story of that unfortunate girl—” She stopt.",AUSTEN
"No; not less when I knew you to be unhappy, than when I had believed you at ease, did I turn away from every exertion of duty or friendship; scarcely allowing sorrow to exist but with me, regretting only that heart which had deserted and wronged me, and leaving you, for whom I professed an unbounded affection, to be miserable for my sake.”",AUSTEN
"I never could have been happy with him, after knowing, as sooner or later I must have known, all this.—I should have had no confidence, no esteem.",AUSTEN
"Mrs. Dashwood, whose eyes, as she answered the servant’s inquiry, had intuitively taken the same direction, was shocked to perceive by Elinor’s countenance how much she really suffered, and a moment afterwards, alike distressed by Marianne’s situation, knew not on which child to bestow her principal attention.",AUSTEN
"She found that she had been misled by the careful, the considerate attention of her daughter, to think the attachment, which once she had so well understood, much slighter in reality, than she had been wont to believe, or than it was now proved to be.",AUSTEN
"His complexion was white with agitation, and he looked as if fearful of his reception, and conscious that he merited no kind one.",AUSTEN
"Mrs. Dashwood, too happy to be comfortable, knew not how to love Edward, nor praise Elinor enough, how to be enough thankful for his release without wounding his delicacy, nor how at once to give them leisure for unrestrained conversation together, and yet enjoy, as she wished, the sight and society of both.",AUSTEN
"Nothing but such a persuasion could have prevented his putting an end to an engagement, which, long before the discovery of it laid him open to his mother’s anger, had been a continual source of disquiet and regret to him.",AUSTEN
And I must say that Lucy’s crossness not to take them along with them in the chaise is worse than all.,AUSTEN
"And his woods,—I have not seen such timber any where in Dorsetshire, as there is now standing in Delaford Hanger!",AUSTEN
"Mrs. Dashwood was prudent enough to remain at the cottage, without attempting a removal to Delaford; and fortunately for Sir John and Mrs. Jennings, when Marianne was taken from them, Margaret had reached an age highly suitable for dancing, and not very ineligible for being supposed to have a lover.",AUSTEN
Vanity was the beginning and the end of Sir Walter Elliot’s character; vanity of person and of situation.,AUSTEN
Elizabeth did not quite equal her father in personal contentment.,AUSTEN
"The Kellynch property was good, but not equal to Sir Walter’s apprehension of the state required in its possessor.",AUSTEN
"What will he be doing, in fact, but what very many of our first families have done, or ought to do?",AUSTEN
"But the usual fate of Anne attended her, in having something very opposite from her inclination fixed on.",AUSTEN
"She had never received from her more than outward attention, nothing beyond the observances of complaisance; had never succeeded in any point which she wanted to carry, against previous inclination.",AUSTEN
"After a short pause, Mr Shepherd presumed to say— “In all these cases, there are established usages which make everything plain and easy between landlord and tenant.",AUSTEN
"Soldiers, in active service, are not at all better off: and even in the quieter professions, there is a toil and a labour of the mind, if not of the body, which seldom leaves a man’s looks to the natural effect of time.",AUSTEN
"I thought you were speaking of some man of property: Mr Wentworth was nobody, I remember; quite unconnected; nothing to do with the Strafford family.",AUSTEN
It only added a dangerous character to himself.,AUSTEN
"She had been forced into prudence in her youth, she learned romance as she grew older: the natural sequel of an unnatural beginning.",AUSTEN
"Anne was so impressed by the degree of their danger, that she could not excuse herself from trying to make it perceptible to her sister.",AUSTEN
"Their respectability was as dear to her as her own, and a daily intercourse had become precious by habit.",AUSTEN
“You have had your little boys with you?”,AUSTEN
I was very well yesterday; nothing at all the matter with me till this morning.,AUSTEN
Their children had more modern minds and manners.,AUSTEN
"Mary’s declaration was, “I hate sending the children to the Great House, though their grandmamma is always wanting to see them, for she humours and indulges them to such a degree, and gives them so much trash and sweet things, that they are sure to come back sick and cross for the rest of the day.”",AUSTEN
"She played a great deal better than either of the Miss Musgroves, but having no voice, no knowledge of the harp, and no fond parents, to sit by and fancy themselves delighted, her performance was little thought of, only out of civility, or to refresh the others, as she was well aware.",AUSTEN
Anne hoped she had outlived the age of blushing; but the age of emotion she certainly had not.,AUSTEN
"Captain Wentworth made a very early return to Mr Musgrove’s civility, and she was all but calling there in the same half hour.",AUSTEN
"If there is anything disagreeable going on men are always sure to get out of it, and Charles is as bad as any of them.",AUSTEN
"“Are you serious?” cried Mary, her eyes brightening.",AUSTEN
"There had been music, singing, talking, laughing, all that was most agreeable; charming manners in Captain Wentworth, no shyness or reserve; they seemed all to know each other perfectly, and he was coming the very next morning to shoot with Charles.",AUSTEN
"Doubtless it was so, and she could take no revenge, for he was not altered, or not for the worse.",AUSTEN
"“A strong mind, with sweetness of manner,” made the first and the last of the description.",AUSTEN
"“Phoo! phoo!” cried the Admiral, “what stuff these young fellows talk!",AUSTEN
"The girls were now hunting for the Laconia; and Captain Wentworth could not deny himself the pleasure of taking the precious volume into his own hands to save them the trouble, and once more read aloud the little statement of her name and rate, and present non-commissioned class, observing over it that she too had been one of the best friends man ever had.",AUSTEN
"“But, if I know myself,” said he, “this is from no want of gallantry towards them.",AUSTEN
"When he is married, if we have the good luck to live to another war, we shall see him do as you and I, and a great many others, have done.",AUSTEN
"It was a merry, joyous party, and no one seemed in higher spirits than Captain Wentworth.",AUSTEN
"Which of the two sisters was preferred by Captain Wentworth was as yet quite doubtful, as far as Anne’s observation reached.",AUSTEN
"No, no; Henrietta might do worse than marry Charles Hayter; and if she has him, and Louisa can get Captain Wentworth, I shall be very well satisfied.”",AUSTEN
"She only attempted to say, “How do you do?",AUSTEN
"Anne longed for the power of representing to them all what they were about, and of pointing out some of the evils they were exposing themselves to.",AUSTEN
He was more engaged with Louisa than with Henrietta.,AUSTEN
"Louisa seemed the principal arranger of the plan; and, as she went a little way with them, down the hill, still talking to Henrietta, Mary took the opportunity of looking scornfully around her, and saying to Captain Wentworth— “It is very unpleasant, having such connexions!",AUSTEN
You are never sure of a good impression being durable; everybody may sway it.,AUSTEN
"She had much to recover from, before she could move.",AUSTEN
"The Admiral’s kind urgency came in support of his wife’s; they would not be refused; they compressed themselves into the smallest possible space to leave her a corner, and Captain Wentworth, without saying a word, turned to her, and quietly obliged her to be assisted into the carriage.",AUSTEN
"“Very good humoured, unaffected girls, indeed,” said Mrs Croft, in a tone of calmer praise, such as made Anne suspect that her keener powers might not consider either of them as quite worthy of her brother; “and a very respectable family.",AUSTEN
"Fortune came, his prize-money as lieutenant being great; promotion, too, came at last; but Fanny Harville did not live to know it.",AUSTEN
"He drew, he varnished, he carpentered, he glued; he made toys for the children; he fashioned new netting-needles and pins with improvements; and if everything else was done, sat down to his large fishing-net at one corner of the room.",AUSTEN
"Do not you think it is quite a mistaken point of conscience, when a clergyman sacrifices his health for the sake of duties, which may be just as well performed by another person?",AUSTEN
It was driven by a servant in mourning.,AUSTEN
"Oh! the great-coat was hanging over the panel, and hid the arms, so it did; otherwise, I am sure, I should have observed them, and the livery too; if the servant had not been in mourning, one should have known him by the livery.”",AUSTEN
"He stood his chance for the rest; wrote up for leave of absence, but without waiting the return, travelled night and day till he got to Portsmouth, rowed off to the Grappler that instant, and never left the poor fellow for a week.",AUSTEN
"Every one capable of thinking felt the advantage of the idea, and in a moment (it was all done in rapid moments) Captain Benwick had resigned the poor corpse-like figure entirely to the brother’s care, and was off for the town with the utmost rapidity.",AUSTEN
"The tone, the look, with which “Thank God!” was uttered by Captain Wentworth, Anne was sure could never be forgotten by her; nor the sight of him afterwards, as he sat near a table, leaning over it with folded arms and face concealed, as if overpowered by the various feelings of his soul, and trying by prayer and reflection to calm them.",AUSTEN
"The plan had reached this point, when Anne, coming quietly down from Louisa’s room, could not but hear what followed, for the parlour door was open.",AUSTEN
"Without emulating the feelings of an Emma towards her Henry, she would have attended on Louisa with a zeal above the common claims of regard, for his sake; and she hoped he would not long be so unjust as to suppose she would shrink unnecessarily from the office of a friend.",AUSTEN
"In speaking of the Harvilles, he seemed unable to satisfy his own sense of their kindness, especially of Mrs Harville’s exertions as a nurse.",AUSTEN
Scenes had passed in Uppercross which made it precious.,AUSTEN
"Anne, have you courage to go with me, and pay a visit in that house?",AUSTEN
"One man’s ways may be as good as another’s, but we all like our own best.",AUSTEN
I suppose he was afraid of finding it dull; but upon my word I should have thought we were lively enough at the Cottage for such a heart-broken man as Captain Benwick.”,AUSTEN
"“Oh! as to being Anne’s acquaintance,” said Mary, “I think he is rather my acquaintance, for I have been seeing him every day this last fortnight.”",AUSTEN
"“He is a man,” said Lady Russell, “whom I have no wish to see.",AUSTEN
"“I hope I shall remember, in future,” said Lady Russell, as soon as they were reseated in the carriage, “not to call at Uppercross in the Christmas holidays.”",AUSTEN
"After laying out for some compliments of being deeply regretted in their old neighbourhood, which Anne could not pay, they had only a few faint enquiries to make, before the talk must be all their own.",AUSTEN
Here was a great deal to soften the business.,AUSTEN
"Mr Elliot appeared to think that he (Sir Walter) was looking exactly as he had done when they last parted;” but Sir Walter had “not been able to return the compliment entirely, which had embarrassed him.",AUSTEN
It was possible that he might stop in his way home to ask them how they did.,AUSTEN
"When he questioned, Sir Walter and Elizabeth began to question also, but the difference in their manner of doing it could not be unfelt.",AUSTEN
"The evil of a marriage would be much diminished, if Elizabeth were also to marry.",AUSTEN
He gave her to understand that he had looked at her with some earnestness.,AUSTEN
"Lady Russell confessed she had expected something better; but yet “it was an acquaintance worth having;” and when Anne ventured to speak her opinion of them to Mr Elliot, he agreed to their being nothing in themselves, but still maintained that, as a family connexion, as good company, as those who would collect good company around them, they had their value.",AUSTEN
"She had had difficulties of every sort to contend with, and in addition to these distresses had been afflicted with a severe rheumatic fever, which, finally settling in her legs, had made her for the present a cripple.",AUSTEN
"She had weathered it, however, and could truly say that it had done her good.",AUSTEN
"She is only nursing Mrs Wallis of Marlborough Buildings; a mere pretty, silly, expensive, fashionable woman, I believe; and of course will have nothing to report but of lace and finery.",AUSTEN
"Mrs Clay, who had been present while all this passed, now thought it advisable to leave the room, and Anne could have said much, and did long to say a little in defence of her friend’s not very dissimilar claims to theirs, but her sense of personal respect to her father prevented her.",AUSTEN
The same image of Mr Elliot speaking for himself brought Anne to composure again.,AUSTEN
She wanted to hear much more than Mary had communicated.,AUSTEN
What an immense time Mrs Clay has been staying with Elizabeth!,AUSTEN
"We are all very well pleased, however, for though it is not equal to her marrying Captain Wentworth, it is infinitely better than Charles Hayter; and Mr Musgrove has written his consent, and Captain Benwick is expected to-day.",AUSTEN
"There are several odd-looking men walking about here, who, I am told, are sailors.",AUSTEN
"They were too much like joy, senseless joy!",AUSTEN
"There, take my arm; that’s right; I do not feel comfortable if I have not a woman there.",AUSTEN
"The Miss Musgrove, that all this has been happening to.",AUSTEN
"“Well, well, ladies are the best judges; but James Benwick is rather too piano for me; and though very likely it is all our partiality, Sophy and I cannot help thinking Frederick’s manners better than his.",AUSTEN
"It would be of no use to go to Uppercross again, for that other Miss Musgrove, I find, is bespoke by her cousin, the young parson.",AUSTEN
"Still, however, she had enough to feel!",AUSTEN
"There was no difference between him and the man who had stood on the steps at Lyme, admiring Anne as she passed, except in the air and look and manner of the privileged relation and friend.",AUSTEN
"No, it was not to be supposed that Lady Russell would perceive him till they were nearly opposite.",AUSTEN
"She could not distinguish, but she must guess the subject; and on Captain Wentworth’s making a distant bow, she comprehended that her father had judged so well as to give him that simple acknowledgement of acquaintance, and she was just in time by a side glance to see a slight curtsey from Elizabeth herself.",AUSTEN
"It was impossible for her to enter on such a subject; and yet, after a pause, feeling the necessity of speaking, and having not the smallest wish for a total change, she only deviated so far as to say— “You were a good while at Lyme, I think?”",AUSTEN
She was just in time to see him turn into the Concert Room.,AUSTEN
You need not say anything more of your ignorance.,AUSTEN
"Such, she believed, were his words; but scarcely had she received their sound, than her attention was caught by other sounds immediately behind her, which rendered every thing else trivial.",AUSTEN
"She could not quit that room in peace without seeing Captain Wentworth once more, without the interchange of one friendly look.",AUSTEN
For a moment the gratification was exquisite.,AUSTEN
It would have been very unpleasant to me in every respect.,AUSTEN
"“I should be extremely happy; I hope you cannot doubt my willingness to be of even the slightest use to you,” replied Anne; “but I suspect that you are considering me as having a higher claim on Mr Elliot, a greater right to influence him, than is really the case.",AUSTEN
"“Oh! if these are your only objections,” cried Mrs Smith, archly, “Mr Elliot is safe, and I shall give myself no more trouble about him.",AUSTEN
“And has it indeed been spoken of?”,AUSTEN
"At last— “I beg your pardon, my dear Miss Elliot,” she cried, in her natural tone of cordiality, “I beg your pardon for the short answers I have been giving you, but I have been uncertain what I ought to do.",AUSTEN
"My poor Charles, who had the finest, most generous spirit in the world, would have divided his last farthing with him; and I know that his purse was open to him; I know that he often assisted him.”",AUSTEN
What wild imaginations one forms where dear self is concerned!,AUSTEN
"Anne, seeing her friend to be earnestly bent on it, did as she was desired.",AUSTEN
"I cannot produce written proof again, but I can give as authentic oral testimony as you can desire, of what he is now wanting, and what he is now doing.",AUSTEN
"If there is anything in my story which you know to be either false or improbable, stop me.",AUSTEN
"‘Why, to be sure, ma’am,’ said she, ‘it would not prevent his marrying anybody else.’",AUSTEN
It was on this point that she had hoped to engage Anne’s good offices with Mr Elliot.,AUSTEN
Mrs Smith had been able to tell her what no one else could have done.,AUSTEN
She meant to avoid any such alteration of manners as might provoke a remonstrance on his side.,AUSTEN
"Anne, remembering the preconcerted visits, at all hours, of Mr Elliot, would have expected him, but for his known engagement seven miles off.",AUSTEN
"It is a very fair match, as times go; and I have liked Charles Hayter all my life, and I shall not leave off now.”",AUSTEN
I will ask them all for an evening; that will be much better; that will be a novelty and a treat.,AUSTEN
"“Anne,” cried Mary, still at her window, “there is Mrs Clay, I am sure, standing under the colonnade, and a gentleman with her.",AUSTEN
"Charles, I declare it will be too abominable if you do, when you promised to go.”",AUSTEN
“Oh! no. The usual character of them has nothing for me.,AUSTEN
"She could think only of the invitation she had with such astonishment witnessed, and of the manner in which it had been received; a manner of doubtful meaning, of surprise rather than gratification, of polite acknowledgement rather than acceptance.",AUSTEN
"When she reached the White Hart, and made her way to the proper apartment, she found herself neither arriving quite in time, nor the first to arrive.",AUSTEN
"The window at which he stood was at the other end of the room from where the two ladies were sitting, and though nearer to Captain Wentworth’s table, not very near.",AUSTEN
"If the change be not from outward circumstances, it must be from within; it must be nature, man’s nature, which has done the business for Captain Benwick.”",AUSTEN
Education has been theirs in so much higher a degree; the pen has been in their hands.,AUSTEN
"Captain Wentworth was folding up a letter in great haste, and either could not or would not answer fully.",AUSTEN
"You sink your voice, but I can distinguish the tones of that voice when they would be lost on others.",AUSTEN
"You will see them both this morning, I dare say.",AUSTEN
"There they returned again into the past, more exquisitely happy, perhaps, in their re-union, than when it had been first projected; more tender, more tried, more fixed in a knowledge of each other’s character, truth, and attachment; more equal to act, more justified in acting.",AUSTEN
"I had not considered that my excessive intimacy must have its danger of ill consequence in many ways; and that I had no right to be trying whether I could attach myself to either of the girls, at the risk of raising even an unpleasant report, were there no other ill effects.",AUSTEN
"Was not the very sight of the friend who sat behind you, was not the recollection of what had been, the knowledge of her influence, the indelible, immoveable impression of what persuasion had once done—was it not all against me?”",AUSTEN
"Glowing and lovely in sensibility and happiness, and more generally admired than she thought about or cared for, she had cheerful or forbearing feelings for every creature around her.",AUSTEN
I have valued myself on honourable toils and just rewards.,AUSTEN
"Anne had no Uppercross Hall before her, no landed estate, no headship of a family; and if they could but keep Captain Wentworth from being made a baronet, she would not change situations with Anne.",AUSTEN
"She gloried in being a sailor’s wife, but she must pay the tax of quick alarm for belonging to that profession which is, if possible, more distinguished in its domestic virtues than in its national importance.",AUSTEN
